dataset,subject,store,group,indexed,split
DLCN,10,dlcn_phase3_rc_none.h5,P10_1,True,train
DLCN,10,dlcn_phase3_rc_none.h5,P10_2,True,train
DLCN,10,dlcn_phase3_rc_none.h5,P10_3,True,train
DLCN,10,dlcn_phase3_rc_none.h5,P10_4,True,train
DLCN,10,dlcn_phase3_rc_none.h5,P10_5,True,train
DLCN,10,dlcn_phase3_rc_none.h5,P10_6,True,train
DLCN,10,dlcn_phase3_rc_none.h5,P10_7,True,train
DLCN,10,dlcn_phase3_rc_none.h5,P10_8,True,train
DLCN,11,dlcn_phase3_rc_none.h5,P11_1,True,train
DLCN,11,dlcn_phase3_rc_none.h5,P11_2,True,train
DLCN,11,dlcn_phase3_rc_none.h5,P11_3,True,train
DLCN,11,dlcn_phase3_rc_none.h5,P11_4,True,train
DLCN,11,dlcn_phase3_rc_none.h5,P11_5,True,train
DLCN,11,dlcn_phase3_rc_none.h5,P11_6,True,train
DLCN,11,dlcn_phase3_rc_none.h5,P11_7,True,train
DLCN,11,dlcn_phase3_rc_none.h5,P11_8,True,train
DLCN,12,dlcn_phase3_rc_none.h5,P12_1,True,train
DLCN,12,dlcn_phase3_rc_none.h5,P12_2,True,train
DLCN,12,dlcn_phase3_rc_none.h5,P12_3,True,train
DLCN,12,dlcn_phase3_rc_none.h5,P12_4,True,train
DLCN,12,dlcn_phase3_rc_none.h5,P12_5,True,train
DLCN,12,dlcn_phase3_rc_none.h5,P12_6,True,train
DLCN,12,dlcn_phase3_rc_none.h5,P12_7,True,train
DLCN,12,dlcn_phase3_rc_none.h5,P12_8,True,train
DLCN,13,dlcn_phase3_rc_none.h5,P13_1,True,train
DLCN,13,dlcn_phase3_rc_none.h5,P13_2,True,train
DLCN,13,dlcn_phase3_rc_none.h5,P13_3,True,train
DLCN,13,dlcn_phase3_rc_none.h5,P13_4,True,train
DLCN,13,dlcn_phase3_rc_none.h5,P13_5,True,train
DLCN,13,dlcn_phase3_rc_none.h5,P13_6,True,train
DLCN,13,dlcn_phase3_rc_none.h5,P13_7,True,train
DLCN,13,dlcn_phase3_rc_none.h5,P13_8,True,train
DLCN,14,dlcn_phase3_rc_none.h5,P14_1,True,val
DLCN,14,dlcn_phase3_rc_none.h5,P14_2,True,val
DLCN,14,dlcn_phase3_rc_none.h5,P14_3,True,val
DLCN,14,dlcn_phase3_rc_none.h5,P14_4,True,val
DLCN,14,dlcn_phase3_rc_none.h5,P14_5,True,val
DLCN,14,dlcn_phase3_rc_none.h5,P14_6,True,val
DLCN,14,dlcn_phase3_rc_none.h5,P14_7,True,val
DLCN,14,dlcn_phase3_rc_none.h5,P14_8,True,val
DLCN,15,dlcn_phase3_rc_none.h5,P15_1,True,train
DLCN,15,dlcn_phase3_rc_none.h5,P15_2,True,train
DLCN,15,dlcn_phase3_rc_none.h5,P15_3,True,train
DLCN,15,dlcn_phase3_rc_none.h5,P15_4,True,train
DLCN,15,dlcn_phase3_rc_none.h5,P15_5,True,train
DLCN,15,dlcn_phase3_rc_none.h5,P15_6,True,train
DLCN,15,dlcn_phase3_rc_none.h5,P15_7,True,train
DLCN,15,dlcn_phase3_rc_none.h5,P15_8,True,train
DLCN,16,dlcn_phase3_rc_none.h5,P16_1,True,train
DLCN,16,dlcn_phase3_rc_none.h5,P16_2,True,train
DLCN,16,dlcn_phase3_rc_none.h5,P16_3,True,train
DLCN,16,dlcn_phase3_rc_none.h5,P16_4,True,train
DLCN,16,dlcn_phase3_rc_none.h5,P16_5,True,train
DLCN,16,dlcn_phase3_rc_none.h5,P16_6,True,train
DLCN,16,dlcn_phase3_rc_none.h5,P16_7,True,train
DLCN,16,dlcn_phase3_rc_none.h5,P16_8,True,train
DLCN,17,dlcn_phase3_rc_none.h5,P17_1,True,val
DLCN,17,dlcn_phase3_rc_none.h5,P17_2,True,val
DLCN,17,dlcn_phase3_rc_none.h5,P17_3,True,val
DLCN,17,dlcn_phase3_rc_none.h5,P17_4,True,val
DLCN,17,dlcn_phase3_rc_none.h5,P17_5,True,val
DLCN,17,dlcn_phase3_rc_none.h5,P17_6,True,val
DLCN,17,dlcn_phase3_rc_none.h5,P17_7,True,val
DLCN,17,dlcn_phase3_rc_none.h5,P17_8,True,val
DLCN,18,dlcn_phase3_rc_none.h5,P18_1,True,val
DLCN,18,dlcn_phase3_rc_none.h5,P18_2,True,val
DLCN,18,dlcn_phase3_rc_none.h5,P18_3,True,val
DLCN,18,dlcn_phase3_rc_none.h5,P18_4,True,val
DLCN,18,dlcn_phase3_rc_none.h5,P18_5,True,val
DLCN,18,dlcn_phase3_rc_none.h5,P18_6,True,val
DLCN,18,dlcn_phase3_rc_none.h5,P18_7,True,val
DLCN,18,dlcn_phase3_rc_none.h5,P18_8,True,val
DLCN,19,dlcn_phase3_rc_none.h5,P19_1,True,val
DLCN,19,dlcn_phase3_rc_none.h5,P19_2,True,val
DLCN,19,dlcn_phase3_rc_none.h5,P19_3,True,val
DLCN,19,dlcn_phase3_rc_none.h5,P19_4,True,val
DLCN,19,dlcn_phase3_rc_none.h5,P19_5,True,val
DLCN,19,dlcn_phase3_rc_none.h5,P19_6,True,val
DLCN,19,dlcn_phase3_rc_none.h5,P19_7,True,val
DLCN,19,dlcn_phase3_rc_none.h5,P19_8,True,val
DLCN,1,dlcn_phase3_rc_none.h5,P1_1,True,train
DLCN,1,dlcn_phase3_rc_none.h5,P1_2,True,train
DLCN,1,dlcn_phase3_rc_none.h5,P1_3,True,train
DLCN,1,dlcn_phase3_rc_none.h5,P1_4,True,train
DLCN,1,dlcn_phase3_rc_none.h5,P1_5,True,train
DLCN,1,dlcn_phase3_rc_none.h5,P1_6,True,train
DLCN,1,dlcn_phase3_rc_none.h5,P1_7,True,train
DLCN,1,dlcn_phase3_rc_none.h5,P1_8,True,train
DLCN,20,dlcn_phase3_rc_none.h5,P20_1,True,train
DLCN,20,dlcn_phase3_rc_none.h5,P20_2,True,train
DLCN,20,dlcn_phase3_rc_none.h5,P20_3,True,train
DLCN,20,dlcn_phase3_rc_none.h5,P20_4,True,train
DLCN,20,dlcn_phase3_rc_none.h5,P20_5,True,train
DLCN,20,dlcn_phase3_rc_none.h5,P20_6,True,train
DLCN,20,dlcn_phase3_rc_none.h5,P20_7,True,train
DLCN,20,dlcn_phase3_rc_none.h5,P20_8,True,train
DLCN,21,dlcn_phase3_rc_none.h5,P21_1,True,val
DLCN,21,dlcn_phase3_rc_none.h5,P21_2,True,val
DLCN,21,dlcn_phase3_rc_none.h5,P21_3,True,val
DLCN,21,dlcn_phase3_rc_none.h5,P21_4,True,val
DLCN,21,dlcn_phase3_rc_none.h5,P21_5,True,val
DLCN,21,dlcn_phase3_rc_none.h5,P21_6,True,val
DLCN,21,dlcn_phase3_rc_none.h5,P21_7,True,val
DLCN,21,dlcn_phase3_rc_none.h5,P21_8,True,val
DLCN,22,dlcn_phase3_rc_none.h5,P22_1,True,train
DLCN,22,dlcn_phase3_rc_none.h5,P22_2,True,train
DLCN,22,dlcn_phase3_rc_none.h5,P22_3,True,train
DLCN,22,dlcn_phase3_rc_none.h5,P22_4,True,train
DLCN,22,dlcn_phase3_rc_none.h5,P22_5,True,train
DLCN,22,dlcn_phase3_rc_none.h5,P22_6,True,train
DLCN,22,dlcn_phase3_rc_none.h5,P22_7,True,train
DLCN,22,dlcn_phase3_rc_none.h5,P22_8,True,train
DLCN,23,dlcn_phase3_rc_none.h5,P23_1,True,train
DLCN,23,dlcn_phase3_rc_none.h5,P23_2,True,train
DLCN,23,dlcn_phase3_rc_none.h5,P23_3,True,train
DLCN,23,dlcn_phase3_rc_none.h5,P23_4,True,train
DLCN,23,dlcn_phase3_rc_none.h5,P23_5,True,train
DLCN,23,dlcn_phase3_rc_none.h5,P23_6,True,train
DLCN,23,dlcn_phase3_rc_none.h5,P23_7,True,train
DLCN,23,dlcn_phase3_rc_none.h5,P23_8,True,train
DLCN,24,dlcn_phase3_rc_none.h5,P24_1,True,val
DLCN,24,dlcn_phase3_rc_none.h5,P24_2,True,val
DLCN,24,dlcn_phase3_rc_none.h5,P24_3,True,val
DLCN,24,dlcn_phase3_rc_none.h5,P24_4,True,val
DLCN,24,dlcn_phase3_rc_none.h5,P24_5,True,val
DLCN,24,dlcn_phase3_rc_none.h5,P24_6,True,val
DLCN,24,dlcn_phase3_rc_none.h5,P24_7,True,val
DLCN,24,dlcn_phase3_rc_none.h5,P24_8,True,val
DLCN,25,dlcn_phase3_rc_none.h5,P25_1,True,val
DLCN,25,dlcn_phase3_rc_none.h5,P25_2,True,val
DLCN,25,dlcn_phase3_rc_none.h5,P25_3,True,val
DLCN,25,dlcn_phase3_rc_none.h5,P25_4,True,val
DLCN,25,dlcn_phase3_rc_none.h5,P25_5,True,val
DLCN,25,dlcn_phase3_rc_none.h5,P25_6,True,val
DLCN,25,dlcn_phase3_rc_none.h5,P25_7,True,val
DLCN,25,dlcn_phase3_rc_none.h5,P25_8,True,val
DLCN,26,dlcn_phase3_rc_none.h5,P26_1,True,train
DLCN,26,dlcn_phase3_rc_none.h5,P26_2,True,train
DLCN,26,dlcn_phase3_rc_none.h5,P26_3,True,train
DLCN,26,dlcn_phase3_rc_none.h5,P26_4,True,train
DLCN,26,dlcn_phase3_rc_none.h5,P26_5,True,train
DLCN,26,dlcn_phase3_rc_none.h5,P26_6,True,train
DLCN,26,dlcn_phase3_rc_none.h5,P26_7,True,train
DLCN,26,dlcn_phase3_rc_none.h5,P26_8,True,train
DLCN,27,dlcn_phase3_rc_none.h5,P27_1,True,train
DLCN,27,dlcn_phase3_rc_none.h5,P27_2,True,train
DLCN,27,dlcn_phase3_rc_none.h5,P27_3,True,train
DLCN,27,dlcn_phase3_rc_none.h5,P27_4,True,train
DLCN,27,dlcn_phase3_rc_none.h5,P27_5,True,train
DLCN,27,dlcn_phase3_rc_none.h5,P27_6,True,train
DLCN,27,dlcn_phase3_rc_none.h5,P27_7,True,train
DLCN,27,dlcn_phase3_rc_none.h5,P27_8,True,train
DLCN,28,dlcn_phase3_rc_none.h5,P28_1,True,train
DLCN,28,dlcn_phase3_rc_none.h5,P28_2,True,train
DLCN,28,dlcn_phase3_rc_none.h5,P28_3,True,train
DLCN,28,dlcn_phase3_rc_none.h5,P28_4,True,train
DLCN,28,dlcn_phase3_rc_none.h5,P28_5,True,train
DLCN,28,dlcn_phase3_rc_none.h5,P28_6,True,train
DLCN,28,dlcn_phase3_rc_none.h5,P28_7,True,train
DLCN,28,dlcn_phase3_rc_none.h5,P28_8,True,train
DLCN,29,dlcn_phase3_rc_none.h5,P29_1,True,train
DLCN,29,dlcn_phase3_rc_none.h5,P29_2,True,train
DLCN,29,dlcn_phase3_rc_none.h5,P29_3,True,train
DLCN,29,dlcn_phase3_rc_none.h5,P29_4,True,train
DLCN,29,dlcn_phase3_rc_none.h5,P29_5,True,train
DLCN,29,dlcn_phase3_rc_none.h5,P29_6,True,train
DLCN,29,dlcn_phase3_rc_none.h5,P29_7,True,train
DLCN,29,dlcn_phase3_rc_none.h5,P29_8,True,train
DLCN,2,dlcn_phase3_rc_none.h5,P2_1,True,train
DLCN,2,dlcn_phase3_rc_none.h5,P2_2,True,train
DLCN,2,dlcn_phase3_rc_none.h5,P2_3,True,train
DLCN,2,dlcn_phase3_rc_none.h5,P2_4,True,train
DLCN,2,dlcn_phase3_rc_none.h5,P2_5,True,train
DLCN,2,dlcn_phase3_rc_none.h5,P2_6,True,train
DLCN,2,dlcn_phase3_rc_none.h5,P2_7,True,train
DLCN,2,dlcn_phase3_rc_none.h5,P2_8,True,train
DLCN,30,dlcn_phase3_rc_none.h5,P30_1,True,train
DLCN,30,dlcn_phase3_rc_none.h5,P30_2,True,train
DLCN,30,dlcn_phase3_rc_none.h5,P30_3,True,train
DLCN,30,dlcn_phase3_rc_none.h5,P30_4,True,train
DLCN,30,dlcn_phase3_rc_none.h5,P30_5,True,train
DLCN,30,dlcn_phase3_rc_none.h5,P30_6,True,train
DLCN,30,dlcn_phase3_rc_none.h5,P30_7,True,train
DLCN,30,dlcn_phase3_rc_none.h5,P30_8,True,train
DLCN,31,dlcn_phase3_rc_none.h5,P31_1,True,val
DLCN,31,dlcn_phase3_rc_none.h5,P31_2,True,val
DLCN,31,dlcn_phase3_rc_none.h5,P31_3,True,val
DLCN,31,dlcn_phase3_rc_none.h5,P31_4,True,val
DLCN,31,dlcn_phase3_rc_none.h5,P31_5,True,val
DLCN,31,dlcn_phase3_rc_none.h5,P31_6,True,val
DLCN,31,dlcn_phase3_rc_none.h5,P31_7,True,val
DLCN,31,dlcn_phase3_rc_none.h5,P31_8,True,val
DLCN,32,dlcn_phase3_rc_none.h5,P32_1,True,train
DLCN,32,dlcn_phase3_rc_none.h5,P32_2,True,train
DLCN,32,dlcn_phase3_rc_none.h5,P32_3,True,train
DLCN,32,dlcn_phase3_rc_none.h5,P32_4,True,train
DLCN,32,dlcn_phase3_rc_none.h5,P32_5,True,train
DLCN,32,dlcn_phase3_rc_none.h5,P32_6,True,train
DLCN,32,dlcn_phase3_rc_none.h5,P32_7,True,train
DLCN,32,dlcn_phase3_rc_none.h5,P32_8,True,train
DLCN,33,dlcn_phase3_rc_none.h5,P33_1,True,train
DLCN,33,dlcn_phase3_rc_none.h5,P33_2,True,train
DLCN,33,dlcn_phase3_rc_none.h5,P33_3,True,train
DLCN,33,dlcn_phase3_rc_none.h5,P33_4,True,train
DLCN,33,dlcn_phase3_rc_none.h5,P33_5,True,train
DLCN,33,dlcn_phase3_rc_none.h5,P33_6,True,train
DLCN,33,dlcn_phase3_rc_none.h5,P33_7,True,train
DLCN,33,dlcn_phase3_rc_none.h5,P33_8,True,train
DLCN,34,dlcn_phase3_rc_none.h5,P34_1,True,train
DLCN,34,dlcn_phase3_rc_none.h5,P34_2,True,train
DLCN,34,dlcn_phase3_rc_none.h5,P34_3,True,train
DLCN,34,dlcn_phase3_rc_none.h5,P34_4,True,train
DLCN,34,dlcn_phase3_rc_none.h5,P34_5,True,train
DLCN,34,dlcn_phase3_rc_none.h5,P34_6,True,train
DLCN,34,dlcn_phase3_rc_none.h5,P34_7,True,train
DLCN,34,dlcn_phase3_rc_none.h5,P34_8,True,train
DLCN,35,dlcn_phase3_rc_none.h5,P35_1,True,val
DLCN,35,dlcn_phase3_rc_none.h5,P35_2,True,val
DLCN,35,dlcn_phase3_rc_none.h5,P35_3,True,val
DLCN,35,dlcn_phase3_rc_none.h5,P35_4,True,val
DLCN,35,dlcn_phase3_rc_none.h5,P35_5,True,val
DLCN,35,dlcn_phase3_rc_none.h5,P35_6,True,val
DLCN,35,dlcn_phase3_rc_none.h5,P35_7,True,val
DLCN,35,dlcn_phase3_rc_none.h5,P35_8,True,val
DLCN,36,dlcn_phase3_rc_none.h5,P36_1,True,train
DLCN,36,dlcn_phase3_rc_none.h5,P36_2,True,train
DLCN,36,dlcn_phase3_rc_none.h5,P36_3,True,train
DLCN,36,dlcn_phase3_rc_none.h5,P36_4,True,train
DLCN,36,dlcn_phase3_rc_none.h5,P36_5,True,train
DLCN,36,dlcn_phase3_rc_none.h5,P36_6,True,train
DLCN,36,dlcn_phase3_rc_none.h5,P36_7,True,train
DLCN,36,dlcn_phase3_rc_none.h5,P36_8,True,train
DLCN,37,dlcn_phase3_rc_none.h5,P37_1,True,train
DLCN,37,dlcn_phase3_rc_none.h5,P37_2,True,train
DLCN,37,dlcn_phase3_rc_none.h5,P37_3,True,train
DLCN,37,dlcn_phase3_rc_none.h5,P37_4,True,train
DLCN,37,dlcn_phase3_rc_none.h5,P37_5,True,train
DLCN,37,dlcn_phase3_rc_none.h5,P37_6,True,train
DLCN,37,dlcn_phase3_rc_none.h5,P37_7,True,train
DLCN,37,dlcn_phase3_rc_none.h5,P37_8,True,train
DLCN,38,dlcn_phase3_rc_none.h5,P38_1,True,train
DLCN,38,dlcn_phase3_rc_none.h5,P38_2,True,train
DLCN,38,dlcn_phase3_rc_none.h5,P38_3,True,train
DLCN,38,dlcn_phase3_rc_none.h5,P38_4,True,train
DLCN,38,dlcn_phase3_rc_none.h5,P38_5,True,train
DLCN,38,dlcn_phase3_rc_none.h5,P38_6,True,train
DLCN,38,dlcn_phase3_rc_none.h5,P38_7,True,train
DLCN,38,dlcn_phase3_rc_none.h5,P38_8,True,train
DLCN,39,dlcn_phase3_rc_none.h5,P39_1,True,train
DLCN,39,dlcn_phase3_rc_none.h5,P39_2,True,train
DLCN,39,dlcn_phase3_rc_none.h5,P39_3,True,train
DLCN,39,dlcn_phase3_rc_none.h5,P39_4,True,train
DLCN,39,dlcn_phase3_rc_none.h5,P39_5,True,train
DLCN,39,dlcn_phase3_rc_none.h5,P39_6,True,train
DLCN,39,dlcn_phase3_rc_none.h5,P39_7,True,train
DLCN,39,dlcn_phase3_rc_none.h5,P39_8,True,train
DLCN,3,dlcn_phase3_rc_none.h5,P3_1,True,train
DLCN,3,dlcn_phase3_rc_none.h5,P3_2,True,train
DLCN,3,dlcn_phase3_rc_none.h5,P3_3,True,train
DLCN,3,dlcn_phase3_rc_none.h5,P3_4,True,train
DLCN,3,dlcn_phase3_rc_none.h5,P3_5,True,train
DLCN,3,dlcn_phase3_rc_none.h5,P3_6,True,train
DLCN,3,dlcn_phase3_rc_none.h5,P3_7,True,train
DLCN,3,dlcn_phase3_rc_none.h5,P3_8,True,train
DLCN,40,dlcn_phase3_rc_none.h5,P40_1,True,train
DLCN,40,dlcn_phase3_rc_none.h5,P40_2,True,train
DLCN,40,dlcn_phase3_rc_none.h5,P40_3,True,train
DLCN,40,dlcn_phase3_rc_none.h5,P40_4,True,train
DLCN,40,dlcn_phase3_rc_none.h5,P40_5,True,train
DLCN,40,dlcn_phase3_rc_none.h5,P40_6,True,train
DLCN,40,dlcn_phase3_rc_none.h5,P40_7,True,train
DLCN,40,dlcn_phase3_rc_none.h5,P40_8,True,train
DLCN,41,dlcn_phase3_rc_none.h5,P41_1,True,train
DLCN,41,dlcn_phase3_rc_none.h5,P41_2,True,train
DLCN,41,dlcn_phase3_rc_none.h5,P41_3,True,train
DLCN,41,dlcn_phase3_rc_none.h5,P41_4,True,train
DLCN,41,dlcn_phase3_rc_none.h5,P41_5,True,train
DLCN,41,dlcn_phase3_rc_none.h5,P41_6,True,train
DLCN,41,dlcn_phase3_rc_none.h5,P41_7,True,train
DLCN,41,dlcn_phase3_rc_none.h5,P41_8,True,train
DLCN,42,dlcn_phase3_rc_none.h5,P42_1,True,val
DLCN,42,dlcn_phase3_rc_none.h5,P42_2,True,val
DLCN,42,dlcn_phase3_rc_none.h5,P42_3,True,val
DLCN,42,dlcn_phase3_rc_none.h5,P42_4,True,val
DLCN,42,dlcn_phase3_rc_none.h5,P42_5,True,val
DLCN,42,dlcn_phase3_rc_none.h5,P42_6,True,val
DLCN,42,dlcn_phase3_rc_none.h5,P42_7,True,val
DLCN,42,dlcn_phase3_rc_none.h5,P42_8,True,val
DLCN,43,dlcn_phase3_rc_none.h5,P43_1,True,train
DLCN,43,dlcn_phase3_rc_none.h5,P43_2,True,train
DLCN,43,dlcn_phase3_rc_none.h5,P43_3,True,train
DLCN,43,dlcn_phase3_rc_none.h5,P43_4,True,train
DLCN,43,dlcn_phase3_rc_none.h5,P43_5,True,train
DLCN,43,dlcn_phase3_rc_none.h5,P43_6,True,train
DLCN,43,dlcn_phase3_rc_none.h5,P43_7,True,train
DLCN,43,dlcn_phase3_rc_none.h5,P43_8,True,train
DLCN,44,dlcn_phase3_rc_none.h5,P44_1,True,train
DLCN,44,dlcn_phase3_rc_none.h5,P44_2,True,train
DLCN,44,dlcn_phase3_rc_none.h5,P44_3,True,train
DLCN,44,dlcn_phase3_rc_none.h5,P44_4,True,train
DLCN,44,dlcn_phase3_rc_none.h5,P44_5,True,train
DLCN,44,dlcn_phase3_rc_none.h5,P44_6,True,train
DLCN,44,dlcn_phase3_rc_none.h5,P44_7,True,train
DLCN,44,dlcn_phase3_rc_none.h5,P44_8,True,train
DLCN,45,dlcn_phase3_rc_none.h5,P45_1,True,val
DLCN,45,dlcn_phase3_rc_none.h5,P45_2,True,val
DLCN,45,dlcn_phase3_rc_none.h5,P45_3,True,val
DLCN,45,dlcn_phase3_rc_none.h5,P45_4,True,val
DLCN,45,dlcn_phase3_rc_none.h5,P45_5,True,val
DLCN,45,dlcn_phase3_rc_none.h5,P45_6,True,val
DLCN,45,dlcn_phase3_rc_none.h5,P45_7,True,val
DLCN,45,dlcn_phase3_rc_none.h5,P45_8,True,val
DLCN,46,dlcn_phase3_rc_none.h5,P46_1,True,train
DLCN,46,dlcn_phase3_rc_none.h5,P46_2,True,train
DLCN,46,dlcn_phase3_rc_none.h5,P46_3,True,train
DLCN,46,dlcn_phase3_rc_none.h5,P46_4,True,train
DLCN,46,dlcn_phase3_rc_none.h5,P46_5,True,train
DLCN,46,dlcn_phase3_rc_none.h5,P46_6,True,train
DLCN,46,dlcn_phase3_rc_none.h5,P46_7,True,train
DLCN,46,dlcn_phase3_rc_none.h5,P46_8,True,train
DLCN,47,dlcn_phase3_rc_none.h5,P47_1,True,train
DLCN,47,dlcn_phase3_rc_none.h5,P47_2,True,train
DLCN,47,dlcn_phase3_rc_none.h5,P47_3,True,train
DLCN,47,dlcn_phase3_rc_none.h5,P47_4,True,train
DLCN,47,dlcn_phase3_rc_none.h5,P47_5,True,train
DLCN,47,dlcn_phase3_rc_none.h5,P47_6,True,train
DLCN,47,dlcn_phase3_rc_none.h5,P47_7,True,train
DLCN,47,dlcn_phase3_rc_none.h5,P47_8,True,train
DLCN,48,dlcn_phase3_rc_none.h5,P48_1,True,val
DLCN,48,dlcn_phase3_rc_none.h5,P48_2,True,val
DLCN,48,dlcn_phase3_rc_none.h5,P48_3,True,val
DLCN,48,dlcn_phase3_rc_none.h5,P48_4,True,val
DLCN,48,dlcn_phase3_rc_none.h5,P48_5,True,val
DLCN,48,dlcn_phase3_rc_none.h5,P48_6,True,val
DLCN,48,dlcn_phase3_rc_none.h5,P48_7,True,val
DLCN,48,dlcn_phase3_rc_none.h5,P48_8,True,val
DLCN,49,dlcn_phase3_rc_none.h5,P49_1,True,train
DLCN,49,dlcn_phase3_rc_none.h5,P49_2,True,train
DLCN,49,dlcn_phase3_rc_none.h5,P49_3,True,train
DLCN,49,dlcn_phase3_rc_none.h5,P49_4,True,train
DLCN,49,dlcn_phase3_rc_none.h5,P49_5,True,train
DLCN,49,dlcn_phase3_rc_none.h5,P49_6,True,train
DLCN,49,dlcn_phase3_rc_none.h5,P49_7,True,train
DLCN,49,dlcn_phase3_rc_none.h5,P49_8,True,train
DLCN,4,dlcn_phase3_rc_none.h5,P4_1,True,val
DLCN,4,dlcn_phase3_rc_none.h5,P4_2,True,val
DLCN,4,dlcn_phase3_rc_none.h5,P4_3,True,val
DLCN,4,dlcn_phase3_rc_none.h5,P4_4,True,val
DLCN,4,dlcn_phase3_rc_none.h5,P4_5,True,val
DLCN,4,dlcn_phase3_rc_none.h5,P4_6,True,val
DLCN,4,dlcn_phase3_rc_none.h5,P4_7,True,val
DLCN,4,dlcn_phase3_rc_none.h5,P4_8,True,val
DLCN,50,dlcn_phase3_rc_none.h5,P50_1,True,train
DLCN,50,dlcn_phase3_rc_none.h5,P50_2,True,train
DLCN,50,dlcn_phase3_rc_none.h5,P50_3,True,train
DLCN,50,dlcn_phase3_rc_none.h5,P50_4,True,train
DLCN,50,dlcn_phase3_rc_none.h5,P50_5,True,train
DLCN,50,dlcn_phase3_rc_none.h5,P50_6,True,train
DLCN,50,dlcn_phase3_rc_none.h5,P50_7,True,train
DLCN,50,dlcn_phase3_rc_none.h5,P50_8,True,train
DLCN,51,dlcn_phase3_rc_none.h5,P51_1,True,train
DLCN,51,dlcn_phase3_rc_none.h5,P51_2,True,train
DLCN,51,dlcn_phase3_rc_none.h5,P51_3,True,train
DLCN,51,dlcn_phase3_rc_none.h5,P51_4,True,train
DLCN,51,dlcn_phase3_rc_none.h5,P51_5,True,train
DLCN,51,dlcn_phase3_rc_none.h5,P51_6,True,train
DLCN,51,dlcn_phase3_rc_none.h5,P51_7,True,train
DLCN,51,dlcn_phase3_rc_none.h5,P51_8,True,train
DLCN,52,dlcn_phase3_rc_none.h5,P52_1,True,train
DLCN,52,dlcn_phase3_rc_none.h5,P52_2,True,train
DLCN,52,dlcn_phase3_rc_none.h5,P52_3,True,train
DLCN,52,dlcn_phase3_rc_none.h5,P52_4,True,train
DLCN,52,dlcn_phase3_rc_none.h5,P52_5,True,train
DLCN,52,dlcn_phase3_rc_none.h5,P52_6,True,train
DLCN,52,dlcn_phase3_rc_none.h5,P52_7,True,train
DLCN,52,dlcn_phase3_rc_none.h5,P52_8,True,train
DLCN,53,dlcn_phase3_rc_none.h5,P53_1,False,train
DLCN,53,dlcn_phase3_rc_none.h5,P53_2,True,train
DLCN,53,dlcn_phase3_rc_none.h5,P53_3,True,train
DLCN,53,dlcn_phase3_rc_none.h5,P53_4,True,train
DLCN,53,dlcn_phase3_rc_none.h5,P53_5,True,train
DLCN,53,dlcn_phase3_rc_none.h5,P53_6,True,train
DLCN,53,dlcn_phase3_rc_none.h5,P53_7,True,train
DLCN,53,dlcn_phase3_rc_none.h5,P53_8,True,train
DLCN,54,dlcn_phase3_rc_none.h5,P54_1,True,train
DLCN,54,dlcn_phase3_rc_none.h5,P54_2,True,train
DLCN,54,dlcn_phase3_rc_none.h5,P54_3,True,train
DLCN,54,dlcn_phase3_rc_none.h5,P54_4,True,train
DLCN,54,dlcn_phase3_rc_none.h5,P54_5,True,train
DLCN,54,dlcn_phase3_rc_none.h5,P54_6,True,train
DLCN,54,dlcn_phase3_rc_none.h5,P54_7,True,train
DLCN,54,dlcn_phase3_rc_none.h5,P54_8,True,train
DLCN,55,dlcn_phase3_rc_none.h5,P55_1,True,train
DLCN,55,dlcn_phase3_rc_none.h5,P55_2,True,train
DLCN,55,dlcn_phase3_rc_none.h5,P55_3,True,train
DLCN,55,dlcn_phase3_rc_none.h5,P55_4,True,train
DLCN,55,dlcn_phase3_rc_none.h5,P55_5,True,train
DLCN,55,dlcn_phase3_rc_none.h5,P55_6,True,train
DLCN,55,dlcn_phase3_rc_none.h5,P55_7,True,train
DLCN,55,dlcn_phase3_rc_none.h5,P55_8,True,train
DLCN,56,dlcn_phase3_rc_none.h5,P56_1,True,train
DLCN,56,dlcn_phase3_rc_none.h5,P56_2,True,train
DLCN,56,dlcn_phase3_rc_none.h5,P56_3,True,train
DLCN,56,dlcn_phase3_rc_none.h5,P56_4,True,train
DLCN,56,dlcn_phase3_rc_none.h5,P56_5,True,train
DLCN,56,dlcn_phase3_rc_none.h5,P56_6,True,train
DLCN,56,dlcn_phase3_rc_none.h5,P56_7,True,train
DLCN,56,dlcn_phase3_rc_none.h5,P56_8,True,train
DLCN,57,dlcn_phase3_rc_none.h5,P57_1,True,train
DLCN,57,dlcn_phase3_rc_none.h5,P57_2,True,train
DLCN,57,dlcn_phase3_rc_none.h5,P57_3,True,train
DLCN,57,dlcn_phase3_rc_none.h5,P57_4,True,train
DLCN,57,dlcn_phase3_rc_none.h5,P57_5,True,train
DLCN,57,dlcn_phase3_rc_none.h5,P57_6,True,train
DLCN,57,dlcn_phase3_rc_none.h5,P57_7,True,train
DLCN,57,dlcn_phase3_rc_none.h5,P57_8,True,train
DLCN,58,dlcn_phase3_rc_none.h5,P58_1,True,train
DLCN,58,dlcn_phase3_rc_none.h5,P58_2,True,train
DLCN,58,dlcn_phase3_rc_none.h5,P58_3,True,train
DLCN,58,dlcn_phase3_rc_none.h5,P58_4,True,train
DLCN,58,dlcn_phase3_rc_none.h5,P58_5,True,train
DLCN,58,dlcn_phase3_rc_none.h5,P58_6,True,train
DLCN,58,dlcn_phase3_rc_none.h5,P58_7,True,train
DLCN,58,dlcn_phase3_rc_none.h5,P58_8,True,train
DLCN,59,dlcn_phase3_rc_none.h5,P59_1,True,train
DLCN,59,dlcn_phase3_rc_none.h5,P59_2,True,train
DLCN,59,dlcn_phase3_rc_none.h5,P59_3,True,train
DLCN,59,dlcn_phase3_rc_none.h5,P59_4,True,train
DLCN,59,dlcn_phase3_rc_none.h5,P59_5,True,train
DLCN,59,dlcn_phase3_rc_none.h5,P59_6,True,train
DLCN,59,dlcn_phase3_rc_none.h5,P59_7,True,train
DLCN,59,dlcn_phase3_rc_none.h5,P59_8,True,train
DLCN,5,dlcn_phase3_rc_none.h5,P5_1,True,train
DLCN,5,dlcn_phase3_rc_none.h5,P5_2,True,train
DLCN,5,dlcn_phase3_rc_none.h5,P5_3,True,train
DLCN,5,dlcn_phase3_rc_none.h5,P5_4,True,train
DLCN,5,dlcn_phase3_rc_none.h5,P5_5,True,train
DLCN,5,dlcn_phase3_rc_none.h5,P5_6,True,train
DLCN,5,dlcn_phase3_rc_none.h5,P5_7,True,train
DLCN,5,dlcn_phase3_rc_none.h5,P5_8,True,train
DLCN,60,dlcn_phase3_rc_none.h5,P60_1,True,train
DLCN,60,dlcn_phase3_rc_none.h5,P60_2,True,train
DLCN,60,dlcn_phase3_rc_none.h5,P60_3,True,train
DLCN,60,dlcn_phase3_rc_none.h5,P60_4,True,train
DLCN,60,dlcn_phase3_rc_none.h5,P60_5,True,train
DLCN,60,dlcn_phase3_rc_none.h5,P60_6,True,train
DLCN,60,dlcn_phase3_rc_none.h5,P60_7,True,train
DLCN,60,dlcn_phase3_rc_none.h5,P60_8,True,train
DLCN,61,dlcn_phase3_rc_none.h5,P61_1,True,train
DLCN,61,dlcn_phase3_rc_none.h5,P61_2,True,train
DLCN,61,dlcn_phase3_rc_none.h5,P61_3,True,train
DLCN,61,dlcn_phase3_rc_none.h5,P61_4,True,train
DLCN,61,dlcn_phase3_rc_none.h5,P61_5,True,train
DLCN,61,dlcn_phase3_rc_none.h5,P61_6,True,train
DLCN,61,dlcn_phase3_rc_none.h5,P61_7,True,train
DLCN,61,dlcn_phase3_rc_none.h5,P61_8,True,train
DLCN,62,dlcn_phase3_rc_none.h5,P62_1,True,val
DLCN,62,dlcn_phase3_rc_none.h5,P62_2,True,val
DLCN,62,dlcn_phase3_rc_none.h5,P62_3,True,val
DLCN,62,dlcn_phase3_rc_none.h5,P62_4,True,val
DLCN,62,dlcn_phase3_rc_none.h5,P62_5,True,val
DLCN,62,dlcn_phase3_rc_none.h5,P62_6,True,val
DLCN,62,dlcn_phase3_rc_none.h5,P62_7,True,val
DLCN,62,dlcn_phase3_rc_none.h5,P62_8,True,val
DLCN,63,dlcn_phase3_rc_none.h5,P63_1,True,train
DLCN,63,dlcn_phase3_rc_none.h5,P63_2,True,train
DLCN,63,dlcn_phase3_rc_none.h5,P63_3,True,train
DLCN,63,dlcn_phase3_rc_none.h5,P63_4,True,train
DLCN,64,dlcn_phase3_rc_none.h5,P64_1,True,train
DLCN,64,dlcn_phase3_rc_none.h5,P64_2,True,train
DLCN,64,dlcn_phase3_rc_none.h5,P64_3,True,train
DLCN,64,dlcn_phase3_rc_none.h5,P64_4,True,train
DLCN,64,dlcn_phase3_rc_none.h5,P64_5,True,train
DLCN,64,dlcn_phase3_rc_none.h5,P64_6,True,train
DLCN,64,dlcn_phase3_rc_none.h5,P64_7,True,train
DLCN,64,dlcn_phase3_rc_none.h5,P64_8,True,train
DLCN,65,dlcn_phase3_rc_none.h5,P65_1,True,train
DLCN,65,dlcn_phase3_rc_none.h5,P65_2,True,train
DLCN,65,dlcn_phase3_rc_none.h5,P65_3,True,train
DLCN,65,dlcn_phase3_rc_none.h5,P65_4,True,train
DLCN,65,dlcn_phase3_rc_none.h5,P65_5,True,train
DLCN,65,dlcn_phase3_rc_none.h5,P65_6,True,train
DLCN,65,dlcn_phase3_rc_none.h5,P65_7,True,train
DLCN,65,dlcn_phase3_rc_none.h5,P65_8,True,train
DLCN,66,dlcn_phase3_rc_none.h5,P66_1,True,train
DLCN,66,dlcn_phase3_rc_none.h5,P66_2,True,train
DLCN,66,dlcn_phase3_rc_none.h5,P66_3,True,train
DLCN,66,dlcn_phase3_rc_none.h5,P66_4,True,train
DLCN,66,dlcn_phase3_rc_none.h5,P66_5,True,train
DLCN,66,dlcn_phase3_rc_none.h5,P66_6,True,train
DLCN,66,dlcn_phase3_rc_none.h5,P66_7,True,train
DLCN,66,dlcn_phase3_rc_none.h5,P66_8,True,train
DLCN,67,dlcn_phase3_rc_none.h5,P67_1,True,train
DLCN,67,dlcn_phase3_rc_none.h5,P67_2,True,train
DLCN,67,dlcn_phase3_rc_none.h5,P67_3,True,train
DLCN,67,dlcn_phase3_rc_none.h5,P67_4,True,train
DLCN,67,dlcn_phase3_rc_none.h5,P67_5,True,train
DLCN,67,dlcn_phase3_rc_none.h5,P67_6,True,train
DLCN,67,dlcn_phase3_rc_none.h5,P67_7,True,train
DLCN,67,dlcn_phase3_rc_none.h5,P67_8,True,train
DLCN,68,dlcn_phase3_rc_none.h5,P68_1,True,val
DLCN,68,dlcn_phase3_rc_none.h5,P68_2,True,val
DLCN,68,dlcn_phase3_rc_none.h5,P68_3,True,val
DLCN,68,dlcn_phase3_rc_none.h5,P68_4,True,val
DLCN,68,dlcn_phase3_rc_none.h5,P68_5,True,val
DLCN,68,dlcn_phase3_rc_none.h5,P68_6,True,val
DLCN,68,dlcn_phase3_rc_none.h5,P68_7,True,val
DLCN,68,dlcn_phase3_rc_none.h5,P68_8,True,val
DLCN,69,dlcn_phase3_rc_none.h5,P69_1,True,train
DLCN,69,dlcn_phase3_rc_none.h5,P69_2,True,train
DLCN,69,dlcn_phase3_rc_none.h5,P69_3,True,train
DLCN,69,dlcn_phase3_rc_none.h5,P69_4,True,train
DLCN,69,dlcn_phase3_rc_none.h5,P69_5,True,train
DLCN,69,dlcn_phase3_rc_none.h5,P69_6,True,train
DLCN,69,dlcn_phase3_rc_none.h5,P69_7,True,train
DLCN,69,dlcn_phase3_rc_none.h5,P69_8,True,train
DLCN,6,dlcn_phase3_rc_none.h5,P6_1,True,train
DLCN,6,dlcn_phase3_rc_none.h5,P6_2,True,train
DLCN,6,dlcn_phase3_rc_none.h5,P6_3,True,train
DLCN,6,dlcn_phase3_rc_none.h5,P6_4,True,train
DLCN,6,dlcn_phase3_rc_none.h5,P6_5,True,train
DLCN,6,dlcn_phase3_rc_none.h5,P6_6,True,train
DLCN,6,dlcn_phase3_rc_none.h5,P6_7,True,train
DLCN,6,dlcn_phase3_rc_none.h5,P6_8,True,train
DLCN,70,dlcn_phase3_rc_none.h5,P70_1,True,train
DLCN,70,dlcn_phase3_rc_none.h5,P70_2,True,train
DLCN,70,dlcn_phase3_rc_none.h5,P70_3,True,train
DLCN,70,dlcn_phase3_rc_none.h5,P70_4,True,train
DLCN,70,dlcn_phase3_rc_none.h5,P70_5,True,train
DLCN,70,dlcn_phase3_rc_none.h5,P70_6,True,train
DLCN,70,dlcn_phase3_rc_none.h5,P70_7,True,train
DLCN,70,dlcn_phase3_rc_none.h5,P70_8,True,train
DLCN,71,dlcn_phase3_rc_none.h5,P71_1,True,train
DLCN,71,dlcn_phase3_rc_none.h5,P71_2,True,train
DLCN,71,dlcn_phase3_rc_none.h5,P71_3,True,train
DLCN,71,dlcn_phase3_rc_none.h5,P71_4,True,train
DLCN,71,dlcn_phase3_rc_none.h5,P71_5,True,train
DLCN,71,dlcn_phase3_rc_none.h5,P71_6,True,train
DLCN,71,dlcn_phase3_rc_none.h5,P71_7,True,train
DLCN,71,dlcn_phase3_rc_none.h5,P71_8,True,train
DLCN,72,dlcn_phase3_rc_none.h5,P72_1,True,train
DLCN,72,dlcn_phase3_rc_none.h5,P72_2,True,train
DLCN,72,dlcn_phase3_rc_none.h5,P72_3,True,train
DLCN,72,dlcn_phase3_rc_none.h5,P72_4,True,train
DLCN,72,dlcn_phase3_rc_none.h5,P72_5,True,train
DLCN,72,dlcn_phase3_rc_none.h5,P72_6,True,train
DLCN,72,dlcn_phase3_rc_none.h5,P72_7,True,train
DLCN,72,dlcn_phase3_rc_none.h5,P72_8,True,train
DLCN,73,dlcn_phase3_rc_none.h5,P73_1,True,train
DLCN,73,dlcn_phase3_rc_none.h5,P73_2,True,train
DLCN,73,dlcn_phase3_rc_none.h5,P73_3,True,train
DLCN,73,dlcn_phase3_rc_none.h5,P73_4,True,train
DLCN,73,dlcn_phase3_rc_none.h5,P73_5,True,train
DLCN,73,dlcn_phase3_rc_none.h5,P73_6,True,train
DLCN,73,dlcn_phase3_rc_none.h5,P73_7,True,train
DLCN,73,dlcn_phase3_rc_none.h5,P73_8,True,train
DLCN,74,dlcn_phase3_rc_none.h5,P74_1,True,train
DLCN,74,dlcn_phase3_rc_none.h5,P74_2,True,train
DLCN,74,dlcn_phase3_rc_none.h5,P74_3,True,train
DLCN,74,dlcn_phase3_rc_none.h5,P74_4,True,train
DLCN,74,dlcn_phase3_rc_none.h5,P74_5,True,train
DLCN,74,dlcn_phase3_rc_none.h5,P74_6,True,train
DLCN,74,dlcn_phase3_rc_none.h5,P74_7,True,train
DLCN,74,dlcn_phase3_rc_none.h5,P74_8,True,train
DLCN,75,dlcn_phase3_rc_none.h5,P75_1,True,train
DLCN,75,dlcn_phase3_rc_none.h5,P75_2,True,train
DLCN,75,dlcn_phase3_rc_none.h5,P75_3,True,train
DLCN,75,dlcn_phase3_rc_none.h5,P75_4,True,train
DLCN,75,dlcn_phase3_rc_none.h5,P75_5,True,train
DLCN,75,dlcn_phase3_rc_none.h5,P75_6,True,train
DLCN,75,dlcn_phase3_rc_none.h5,P75_7,True,train
DLCN,75,dlcn_phase3_rc_none.h5,P75_8,True,train
DLCN,76,dlcn_phase3_rc_none.h5,P76_1,True,train
DLCN,76,dlcn_phase3_rc_none.h5,P76_2,True,train
DLCN,76,dlcn_phase3_rc_none.h5,P76_3,True,train
DLCN,76,dlcn_phase3_rc_none.h5,P76_4,True,train
DLCN,76,dlcn_phase3_rc_none.h5,P76_5,True,train
DLCN,76,dlcn_phase3_rc_none.h5,P76_6,True,train
DLCN,76,dlcn_phase3_rc_none.h5,P76_7,True,train
DLCN,76,dlcn_phase3_rc_none.h5,P76_8,True,train
DLCN,77,dlcn_phase3_rc_none.h5,P77_1,True,val
DLCN,77,dlcn_phase3_rc_none.h5,P77_2,True,val
DLCN,77,dlcn_phase3_rc_none.h5,P77_3,True,val
DLCN,77,dlcn_phase3_rc_none.h5,P77_4,True,val
DLCN,77,dlcn_phase3_rc_none.h5,P77_5,True,val
DLCN,77,dlcn_phase3_rc_none.h5,P77_6,True,val
DLCN,77,dlcn_phase3_rc_none.h5,P77_7,True,val
DLCN,77,dlcn_phase3_rc_none.h5,P77_8,True,val
DLCN,78,dlcn_phase3_rc_none.h5,P78_1,True,train
DLCN,78,dlcn_phase3_rc_none.h5,P78_2,True,train
DLCN,78,dlcn_phase3_rc_none.h5,P78_3,True,train
DLCN,78,dlcn_phase3_rc_none.h5,P78_4,True,train
DLCN,78,dlcn_phase3_rc_none.h5,P78_5,True,train
DLCN,78,dlcn_phase3_rc_none.h5,P78_6,True,train
DLCN,78,dlcn_phase3_rc_none.h5,P78_7,True,train
DLCN,78,dlcn_phase3_rc_none.h5,P78_8,True,train
DLCN,79,dlcn_phase3_rc_none.h5,P79_1,True,train
DLCN,79,dlcn_phase3_rc_none.h5,P79_2,True,train
DLCN,79,dlcn_phase3_rc_none.h5,P79_3,True,train
DLCN,79,dlcn_phase3_rc_none.h5,P79_4,True,train
DLCN,79,dlcn_phase3_rc_none.h5,P79_5,True,train
DLCN,79,dlcn_phase3_rc_none.h5,P79_6,True,train
DLCN,79,dlcn_phase3_rc_none.h5,P79_7,True,train
DLCN,79,dlcn_phase3_rc_none.h5,P79_8,True,train
DLCN,7,dlcn_phase3_rc_none.h5,P7_1,True,train
DLCN,7,dlcn_phase3_rc_none.h5,P7_2,True,train
DLCN,7,dlcn_phase3_rc_none.h5,P7_3,True,train
DLCN,7,dlcn_phase3_rc_none.h5,P7_4,True,train
DLCN,7,dlcn_phase3_rc_none.h5,P7_5,True,train
DLCN,7,dlcn_phase3_rc_none.h5,P7_6,True,train
DLCN,7,dlcn_phase3_rc_none.h5,P7_7,True,train
DLCN,7,dlcn_phase3_rc_none.h5,P7_8,True,train
DLCN,80,dlcn_phase3_rc_none.h5,P80_1,True,val
DLCN,80,dlcn_phase3_rc_none.h5,P80_2,True,val
DLCN,80,dlcn_phase3_rc_none.h5,P80_3,True,val
DLCN,80,dlcn_phase3_rc_none.h5,P80_4,True,val
DLCN,80,dlcn_phase3_rc_none.h5,P80_5,True,val
DLCN,80,dlcn_phase3_rc_none.h5,P80_6,True,val
DLCN,80,dlcn_phase3_rc_none.h5,P80_7,True,val
DLCN,80,dlcn_phase3_rc_none.h5,P80_8,True,val
DLCN,81,dlcn_phase3_rc_none.h5,P81_1,True,train
DLCN,81,dlcn_phase3_rc_none.h5,P81_2,True,train
DLCN,81,dlcn_phase3_rc_none.h5,P81_3,True,train
DLCN,81,dlcn_phase3_rc_none.h5,P81_4,False,train
DLCN,81,dlcn_phase3_rc_none.h5,P81_5,True,train
DLCN,81,dlcn_phase3_rc_none.h5,P81_6,True,train
DLCN,81,dlcn_phase3_rc_none.h5,P81_7,True,train
DLCN,81,dlcn_phase3_rc_none.h5,P81_8,False,train
DLCN,82,dlcn_phase3_rc_none.h5,P82_1,True,train
DLCN,82,dlcn_phase3_rc_none.h5,P82_2,True,train
DLCN,82,dlcn_phase3_rc_none.h5,P82_3,True,train
DLCN,82,dlcn_phase3_rc_none.h5,P82_4,True,train
DLCN,82,dlcn_phase3_rc_none.h5,P82_5,True,train
DLCN,82,dlcn_phase3_rc_none.h5,P82_6,True,train
DLCN,82,dlcn_phase3_rc_none.h5,P82_7,True,train
DLCN,82,dlcn_phase3_rc_none.h5,P82_8,True,train
DLCN,83,dlcn_phase3_rc_none.h5,P83_1,True,train
DLCN,83,dlcn_phase3_rc_none.h5,P83_2,True,train
DLCN,83,dlcn_phase3_rc_none.h5,P83_3,True,train
DLCN,83,dlcn_phase3_rc_none.h5,P83_4,True,train
DLCN,83,dlcn_phase3_rc_none.h5,P83_5,True,train
DLCN,83,dlcn_phase3_rc_none.h5,P83_6,True,train
DLCN,83,dlcn_phase3_rc_none.h5,P83_7,True,train
DLCN,83,dlcn_phase3_rc_none.h5,P83_8,True,train
DLCN,84,dlcn_phase3_rc_none.h5,P84_1,True,train
DLCN,84,dlcn_phase3_rc_none.h5,P84_2,True,train
DLCN,84,dlcn_phase3_rc_none.h5,P84_3,True,train
DLCN,84,dlcn_phase3_rc_none.h5,P84_4,True,train
DLCN,84,dlcn_phase3_rc_none.h5,P84_5,True,train
DLCN,84,dlcn_phase3_rc_none.h5,P84_6,True,train
DLCN,84,dlcn_phase3_rc_none.h5,P84_7,True,train
DLCN,84,dlcn_phase3_rc_none.h5,P84_8,True,train
DLCN,85,dlcn_phase3_rc_none.h5,P85_1,True,train
DLCN,85,dlcn_phase3_rc_none.h5,P85_2,True,train
DLCN,85,dlcn_phase3_rc_none.h5,P85_3,True,train
DLCN,85,dlcn_phase3_rc_none.h5,P85_4,True,train
DLCN,85,dlcn_phase3_rc_none.h5,P85_5,True,train
DLCN,85,dlcn_phase3_rc_none.h5,P85_6,True,train
DLCN,85,dlcn_phase3_rc_none.h5,P85_7,True,train
DLCN,85,dlcn_phase3_rc_none.h5,P85_8,True,train
DLCN,86,dlcn_phase3_rc_none.h5,P86_1,True,val
DLCN,86,dlcn_phase3_rc_none.h5,P86_2,True,val
DLCN,86,dlcn_phase3_rc_none.h5,P86_3,True,val
DLCN,86,dlcn_phase3_rc_none.h5,P86_4,True,val
DLCN,86,dlcn_phase3_rc_none.h5,P86_5,True,val
DLCN,86,dlcn_phase3_rc_none.h5,P86_6,True,val
DLCN,86,dlcn_phase3_rc_none.h5,P86_7,True,val
DLCN,86,dlcn_phase3_rc_none.h5,P86_8,True,val
DLCN,87,dlcn_phase3_rc_none.h5,P87_1,True,train
DLCN,87,dlcn_phase3_rc_none.h5,P87_2,True,train
DLCN,87,dlcn_phase3_rc_none.h5,P87_3,True,train
DLCN,87,dlcn_phase3_rc_none.h5,P87_4,True,train
DLCN,87,dlcn_phase3_rc_none.h5,P87_5,True,train
DLCN,87,dlcn_phase3_rc_none.h5,P87_6,True,train
DLCN,87,dlcn_phase3_rc_none.h5,P87_7,True,train
DLCN,87,dlcn_phase3_rc_none.h5,P87_8,True,train
DLCN,88,dlcn_phase3_rc_none.h5,P88_1,True,val
DLCN,88,dlcn_phase3_rc_none.h5,P88_2,True,val
DLCN,88,dlcn_phase3_rc_none.h5,P88_3,True,val
DLCN,88,dlcn_phase3_rc_none.h5,P88_4,True,val
DLCN,88,dlcn_phase3_rc_none.h5,P88_5,True,val
DLCN,88,dlcn_phase3_rc_none.h5,P88_6,True,val
DLCN,88,dlcn_phase3_rc_none.h5,P88_7,True,val
DLCN,88,dlcn_phase3_rc_none.h5,P88_8,True,val
DLCN,89,dlcn_phase3_rc_none.h5,P89_1,True,train
DLCN,89,dlcn_phase3_rc_none.h5,P89_2,True,train
DLCN,89,dlcn_phase3_rc_none.h5,P89_3,True,train
DLCN,89,dlcn_phase3_rc_none.h5,P89_4,True,train
DLCN,89,dlcn_phase3_rc_none.h5,P89_5,True,train
DLCN,89,dlcn_phase3_rc_none.h5,P89_6,True,train
DLCN,89,dlcn_phase3_rc_none.h5,P89_7,True,train
DLCN,89,dlcn_phase3_rc_none.h5,P89_8,True,train
DLCN,8,dlcn_phase3_rc_none.h5,P8_1,True,train
DLCN,8,dlcn_phase3_rc_none.h5,P8_2,True,train
DLCN,8,dlcn_phase3_rc_none.h5,P8_3,True,train
DLCN,8,dlcn_phase3_rc_none.h5,P8_4,True,train
DLCN,8,dlcn_phase3_rc_none.h5,P8_5,True,train
DLCN,8,dlcn_phase3_rc_none.h5,P8_6,True,train
DLCN,8,dlcn_phase3_rc_none.h5,P8_7,True,train
DLCN,8,dlcn_phase3_rc_none.h5,P8_8,True,train
DLCN,90,dlcn_phase3_rc_none.h5,P90_1,True,train
DLCN,90,dlcn_phase3_rc_none.h5,P90_2,True,train
DLCN,90,dlcn_phase3_rc_none.h5,P90_3,True,train
DLCN,90,dlcn_phase3_rc_none.h5,P90_4,True,train
DLCN,90,dlcn_phase3_rc_none.h5,P90_5,True,train
DLCN,90,dlcn_phase3_rc_none.h5,P90_6,True,train
DLCN,90,dlcn_phase3_rc_none.h5,P90_7,True,train
DLCN,90,dlcn_phase3_rc_none.h5,P90_8,True,train
DLCN,91,dlcn_phase3_rc_none.h5,P91_1,True,train
DLCN,91,dlcn_phase3_rc_none.h5,P91_2,True,train
DLCN,91,dlcn_phase3_rc_none.h5,P91_3,True,train
DLCN,91,dlcn_phase3_rc_none.h5,P91_4,True,train
DLCN,91,dlcn_phase3_rc_none.h5,P91_5,True,train
DLCN,91,dlcn_phase3_rc_none.h5,P91_6,True,train
DLCN,91,dlcn_phase3_rc_none.h5,P91_7,True,train
DLCN,91,dlcn_phase3_rc_none.h5,P91_8,True,train
DLCN,92,dlcn_phase3_rc_none.h5,P92_1,True,train
DLCN,92,dlcn_phase3_rc_none.h5,P92_2,True,train
DLCN,92,dlcn_phase3_rc_none.h5,P92_3,True,train
DLCN,92,dlcn_phase3_rc_none.h5,P92_4,True,train
DLCN,92,dlcn_phase3_rc_none.h5,P92_5,True,train
DLCN,92,dlcn_phase3_rc_none.h5,P92_6,True,train
DLCN,92,dlcn_phase3_rc_none.h5,P92_7,True,train
DLCN,92,dlcn_phase3_rc_none.h5,P92_8,True,train
DLCN,93,dlcn_phase3_rc_none.h5,P93_1,True,val
DLCN,93,dlcn_phase3_rc_none.h5,P93_2,True,val
DLCN,93,dlcn_phase3_rc_none.h5,P93_3,True,val
DLCN,93,dlcn_phase3_rc_none.h5,P93_4,True,val
DLCN,93,dlcn_phase3_rc_none.h5,P93_5,True,val
DLCN,93,dlcn_phase3_rc_none.h5,P93_6,True,val
DLCN,93,dlcn_phase3_rc_none.h5,P93_7,True,val
DLCN,93,dlcn_phase3_rc_none.h5,P93_8,True,val
DLCN,94,dlcn_phase3_rc_none.h5,P94_1,True,train
DLCN,94,dlcn_phase3_rc_none.h5,P94_2,True,train
DLCN,94,dlcn_phase3_rc_none.h5,P94_3,True,train
DLCN,94,dlcn_phase3_rc_none.h5,P94_4,True,train
DLCN,94,dlcn_phase3_rc_none.h5,P94_5,True,train
DLCN,94,dlcn_phase3_rc_none.h5,P94_6,True,train
DLCN,94,dlcn_phase3_rc_none.h5,P94_7,True,train
DLCN,94,dlcn_phase3_rc_none.h5,P94_8,True,train
DLCN,95,dlcn_phase3_rc_none.h5,P95_1,True,train
DLCN,95,dlcn_phase3_rc_none.h5,P95_2,True,train
DLCN,95,dlcn_phase3_rc_none.h5,P95_3,True,train
DLCN,95,dlcn_phase3_rc_none.h5,P95_4,True,train
DLCN,95,dlcn_phase3_rc_none.h5,P95_5,True,train
DLCN,95,dlcn_phase3_rc_none.h5,P95_6,True,train
DLCN,95,dlcn_phase3_rc_none.h5,P95_7,True,train
DLCN,95,dlcn_phase3_rc_none.h5,P95_8,True,train
DLCN,96,dlcn_phase3_rc_none.h5,P96_1,True,train
DLCN,96,dlcn_phase3_rc_none.h5,P96_2,True,train
DLCN,96,dlcn_phase3_rc_none.h5,P96_3,True,train
DLCN,96,dlcn_phase3_rc_none.h5,P96_4,True,train
DLCN,96,dlcn_phase3_rc_none.h5,P96_5,True,train
DLCN,96,dlcn_phase3_rc_none.h5,P96_6,True,train
DLCN,96,dlcn_phase3_rc_none.h5,P96_7,True,train
DLCN,96,dlcn_phase3_rc_none.h5,P96_8,True,train
DLCN,97,dlcn_phase3_rc_none.h5,P97_1,True,train
DLCN,97,dlcn_phase3_rc_none.h5,P97_2,True,train
DLCN,97,dlcn_phase3_rc_none.h5,P97_3,True,train
DLCN,97,dlcn_phase3_rc_none.h5,P97_4,True,train
DLCN,97,dlcn_phase3_rc_none.h5,P97_5,True,train
DLCN,97,dlcn_phase3_rc_none.h5,P97_6,True,train
DLCN,97,dlcn_phase3_rc_none.h5,P97_7,True,train
DLCN,97,dlcn_phase3_rc_none.h5,P97_8,True,train
DLCN,98,dlcn_phase3_rc_none.h5,P98_1,True,train
DLCN,98,dlcn_phase3_rc_none.h5,P98_2,True,train
DLCN,98,dlcn_phase3_rc_none.h5,P98_3,True,train
DLCN,98,dlcn_phase3_rc_none.h5,P98_4,True,train
DLCN,98,dlcn_phase3_rc_none.h5,P98_5,True,train
DLCN,98,dlcn_phase3_rc_none.h5,P98_6,True,train
DLCN,98,dlcn_phase3_rc_none.h5,P98_7,True,train
DLCN,98,dlcn_phase3_rc_none.h5,P98_8,True,train
DLCN,9,dlcn_phase3_rc_none.h5,P9_1,True,val
DLCN,9,dlcn_phase3_rc_none.h5,P9_2,True,val
DLCN,9,dlcn_phase3_rc_none.h5,P9_3,True,val
DLCN,9,dlcn_phase3_rc_none.h5,P9_4,True,val
DLCN,9,dlcn_phase3_rc_none.h5,P9_5,True,val
DLCN,9,dlcn_phase3_rc_none.h5,P9_6,True,val
DLCN,9,dlcn_phase3_rc_none.h5,P9_7,True,val
DLCN,9,dlcn_phase3_rc_none.h5,P9_8,True,val
MCD,1020,mcd_phase3_rc_none.h5,1020_after,True,train
MCD,1020,mcd_phase3_rc_none.h5,1020_before,True,train
MCD,1024,mcd_phase3_rc_none.h5,1024_after,True,train
MCD,1024,mcd_phase3_rc_none.h5,1024_before,True,train
MCD,1035,mcd_phase3_rc_none.h5,1035_after,True,train
MCD,1035,mcd_phase3_rc_none.h5,1035_before,True,train
MCD,1091,mcd_phase3_rc_none.h5,1091_after,True,val
MCD,1091,mcd_phase3_rc_none.h5,1091_before,True,val
MCD,1097,mcd_phase3_rc_none.h5,1097_after,True,train
MCD,1097,mcd_phase3_rc_none.h5,1097_before,True,train
MCD,1099,mcd_phase3_rc_none.h5,1099_after,True,train
MCD,1099,mcd_phase3_rc_none.h5,1099_before,True,train
MCD,1107,mcd_phase3_rc_none.h5,1107_after,True,train
MCD,1107,mcd_phase3_rc_none.h5,1107_before,True,train
MCD,1113,mcd_phase3_rc_none.h5,1113_after,True,val
MCD,1113,mcd_phase3_rc_none.h5,1113_before,True,val
MCD,1115,mcd_phase3_rc_none.h5,1115_after,True,train
MCD,1115,mcd_phase3_rc_none.h5,1115_before,True,train
MCD,1149,mcd_phase3_rc_none.h5,1149_after,True,train
MCD,1149,mcd_phase3_rc_none.h5,1149_before,True,train
MCD,1156,mcd_phase3_rc_none.h5,1156_after,True,train
MCD,1156,mcd_phase3_rc_none.h5,1156_before,True,train
MCD,1176,mcd_phase3_rc_none.h5,1176_after,True,train
MCD,1176,mcd_phase3_rc_none.h5,1176_before,True,train
MCD,1180,mcd_phase3_rc_none.h5,1180_after,True,val
MCD,1180,mcd_phase3_rc_none.h5,1180_before,True,val
MCD,1181,mcd_phase3_rc_none.h5,1181_after,True,train
MCD,1181,mcd_phase3_rc_none.h5,1181_before,True,train
MCD,1213,mcd_phase3_rc_none.h5,1213_after,True,train
MCD,1213,mcd_phase3_rc_none.h5,1213_before,True,train
MCD,1217,mcd_phase3_rc_none.h5,1217_after,True,train
MCD,1217,mcd_phase3_rc_none.h5,1217_before,True,train
MCD,1234,mcd_phase3_rc_none.h5,1234_after,True,train
MCD,1234,mcd_phase3_rc_none.h5,1234_before,True,train
MCD,1259,mcd_phase3_rc_none.h5,1259_after,True,train
MCD,1259,mcd_phase3_rc_none.h5,1259_before,True,train
MCD,1266,mcd_phase3_rc_none.h5,1266_after,True,train
MCD,1266,mcd_phase3_rc_none.h5,1266_before,True,train
MCD,1275,mcd_phase3_rc_none.h5,1275_after,True,train
MCD,1275,mcd_phase3_rc_none.h5,1275_before,True,train
MCD,1285,mcd_phase3_rc_none.h5,1285_after,True,train
MCD,1285,mcd_phase3_rc_none.h5,1285_before,True,train
MCD,1287,mcd_phase3_rc_none.h5,1287_after,True,train
MCD,1287,mcd_phase3_rc_none.h5,1287_before,True,train
MCD,1292,mcd_phase3_rc_none.h5,1292_after,True,train
MCD,1292,mcd_phase3_rc_none.h5,1292_before,False,train
MCD,1298,mcd_phase3_rc_none.h5,1298_after,True,train
MCD,1298,mcd_phase3_rc_none.h5,1298_before,True,train
MCD,1305,mcd_phase3_rc_none.h5,1305_after,True,train
MCD,1305,mcd_phase3_rc_none.h5,1305_before,True,train
MCD,1314,mcd_phase3_rc_none.h5,1314_after,True,train
MCD,1314,mcd_phase3_rc_none.h5,1314_before,True,train
MCD,1360,mcd_phase3_rc_none.h5,1360_after,True,train
MCD,1360,mcd_phase3_rc_none.h5,1360_before,True,train
MCD,1362,mcd_phase3_rc_none.h5,1362_after,True,train
MCD,1362,mcd_phase3_rc_none.h5,1362_before,True,train
MCD,1386,mcd_phase3_rc_none.h5,1386_after,True,train
MCD,1386,mcd_phase3_rc_none.h5,1386_before,True,train
MCD,1399,mcd_phase3_rc_none.h5,1399_after,True,train
MCD,1399,mcd_phase3_rc_none.h5,1399_before,True,train
MCD,1414,mcd_phase3_rc_none.h5,1414_after,True,train
MCD,1414,mcd_phase3_rc_none.h5,1414_before,True,train
MCD,1442,mcd_phase3_rc_none.h5,1442_after,True,train
MCD,1442,mcd_phase3_rc_none.h5,1442_before,True,train
MCD,1474,mcd_phase3_rc_none.h5,1474_after,True,train
MCD,1474,mcd_phase3_rc_none.h5,1474_before,True,train
MCD,1477,mcd_phase3_rc_none.h5,1477_after,True,train
MCD,1477,mcd_phase3_rc_none.h5,1477_before,True,train
MCD,1513,mcd_phase3_rc_none.h5,1513_after,True,train
MCD,1513,mcd_phase3_rc_none.h5,1513_before,True,train
MCD,1531,mcd_phase3_rc_none.h5,1531_after,True,train
MCD,1531,mcd_phase3_rc_none.h5,1531_before,True,train
MCD,1541,mcd_phase3_rc_none.h5,1541_after,True,train
MCD,1541,mcd_phase3_rc_none.h5,1541_before,True,train
MCD,1543,mcd_phase3_rc_none.h5,1543_after,True,train
MCD,1543,mcd_phase3_rc_none.h5,1543_before,True,train
MCD,1563,mcd_phase3_rc_none.h5,1563_after,True,train
MCD,1563,mcd_phase3_rc_none.h5,1563_before,True,train
MCD,1581,mcd_phase3_rc_none.h5,1581_after,True,val
MCD,1581,mcd_phase3_rc_none.h5,1581_before,True,val
MCD,1589,mcd_phase3_rc_none.h5,1589_after,True,val
MCD,1589,mcd_phase3_rc_none.h5,1589_before,True,val
MCD,1601,mcd_phase3_rc_none.h5,1601_after,True,train
MCD,1601,mcd_phase3_rc_none.h5,1601_before,True,train
MCD,1609,mcd_phase3_rc_none.h5,1609_after,True,train
MCD,1609,mcd_phase3_rc_none.h5,1609_before,True,train
MCD,1610,mcd_phase3_rc_none.h5,1610_after,True,train
MCD,1610,mcd_phase3_rc_none.h5,1610_before,True,train
MCD,1649,mcd_phase3_rc_none.h5,1649_after,True,train
MCD,1649,mcd_phase3_rc_none.h5,1649_before,True,train
MCD,1672,mcd_phase3_rc_none.h5,1672_after,True,train
MCD,1672,mcd_phase3_rc_none.h5,1672_before,True,train
MCD,1715,mcd_phase3_rc_none.h5,1715_after,True,train
MCD,1715,mcd_phase3_rc_none.h5,1715_before,True,train
MCD,1745,mcd_phase3_rc_none.h5,1745_after,True,train
MCD,1745,mcd_phase3_rc_none.h5,1745_before,True,train
MCD,1749,mcd_phase3_rc_none.h5,1749_after,True,train
MCD,1749,mcd_phase3_rc_none.h5,1749_before,True,train
MCD,1760,mcd_phase3_rc_none.h5,1760_after,True,train
MCD,1760,mcd_phase3_rc_none.h5,1760_before,True,train
MCD,1765,mcd_phase3_rc_none.h5,1765_after,True,train
MCD,1765,mcd_phase3_rc_none.h5,1765_before,True,train
MCD,1785,mcd_phase3_rc_none.h5,1785_after,True,val
MCD,1785,mcd_phase3_rc_none.h5,1785_before,True,val
MCD,1790,mcd_phase3_rc_none.h5,1790_after,True,val
MCD,1790,mcd_phase3_rc_none.h5,1790_before,True,val
MCD,1838,mcd_phase3_rc_none.h5,1838_after,True,train
MCD,1838,mcd_phase3_rc_none.h5,1838_before,True,train
MCD,1859,mcd_phase3_rc_none.h5,1859_after,True,train
MCD,1859,mcd_phase3_rc_none.h5,1859_before,True,train
MCD,1922,mcd_phase3_rc_none.h5,1922_after,True,train
MCD,1922,mcd_phase3_rc_none.h5,1922_before,True,train
MCD,1932,mcd_phase3_rc_none.h5,1932_after,False,train
MCD,1932,mcd_phase3_rc_none.h5,1932_before,True,train
MCD,1943,mcd_phase3_rc_none.h5,1943_after,True,train
MCD,1943,mcd_phase3_rc_none.h5,1943_before,True,train
MCD,1973,mcd_phase3_rc_none.h5,1973_after,True,train
MCD,1973,mcd_phase3_rc_none.h5,1973_before,True,train
MCD,1981,mcd_phase3_rc_none.h5,1981_after,True,train
MCD,1981,mcd_phase3_rc_none.h5,1981_before,True,train
MCD,2003,mcd_phase3_rc_none.h5,2003_after,True,train
MCD,2003,mcd_phase3_rc_none.h5,2003_before,True,train
MCD,2022,mcd_phase3_rc_none.h5,2022_after,True,train
MCD,2022,mcd_phase3_rc_none.h5,2022_before,True,train
MCD,2091,mcd_phase3_rc_none.h5,2091_after,True,train
MCD,2091,mcd_phase3_rc_none.h5,2091_before,True,train
MCD,2110,mcd_phase3_rc_none.h5,2110_after,True,train
MCD,2110,mcd_phase3_rc_none.h5,2110_before,True,train
MCD,2120,mcd_phase3_rc_none.h5,2120_after,True,train
MCD,2120,mcd_phase3_rc_none.h5,2120_before,True,train
MCD,2147,mcd_phase3_rc_none.h5,2147_after,True,train
MCD,2147,mcd_phase3_rc_none.h5,2147_before,True,train
MCD,2149,mcd_phase3_rc_none.h5,2149_after,True,val
MCD,2149,mcd_phase3_rc_none.h5,2149_before,True,val
MCD,2153,mcd_phase3_rc_none.h5,2153_after,True,train
MCD,2153,mcd_phase3_rc_none.h5,2153_before,True,train
MCD,2161,mcd_phase3_rc_none.h5,2161_after,True,train
MCD,2161,mcd_phase3_rc_none.h5,2161_before,True,train
MCD,2183,mcd_phase3_rc_none.h5,2183_after,True,train
MCD,2183,mcd_phase3_rc_none.h5,2183_before,True,train
MCD,2187,mcd_phase3_rc_none.h5,2187_after,True,train
MCD,2187,mcd_phase3_rc_none.h5,2187_before,True,train
MCD,2194,mcd_phase3_rc_none.h5,2194_after,True,train
MCD,2194,mcd_phase3_rc_none.h5,2194_before,True,train
MCD,2221,mcd_phase3_rc_none.h5,2221_after,True,train
MCD,2221,mcd_phase3_rc_none.h5,2221_before,True,train
MCD,2233,mcd_phase3_rc_none.h5,2233_after,True,val
MCD,2233,mcd_phase3_rc_none.h5,2233_before,True,val
MCD,2242,mcd_phase3_rc_none.h5,2242_after,True,train
MCD,2242,mcd_phase3_rc_none.h5,2242_before,True,train
MCD,2245,mcd_phase3_rc_none.h5,2245_after,True,val
MCD,2245,mcd_phase3_rc_none.h5,2245_before,True,val
MCD,2246,mcd_phase3_rc_none.h5,2246_after,True,val
MCD,2246,mcd_phase3_rc_none.h5,2246_before,True,val
MCD,2247,mcd_phase3_rc_none.h5,2247_after,True,train
MCD,2247,mcd_phase3_rc_none.h5,2247_before,True,train
MCD,2253,mcd_phase3_rc_none.h5,2253_after,True,train
MCD,2253,mcd_phase3_rc_none.h5,2253_before,True,train
MCD,2284,mcd_phase3_rc_none.h5,2284_after,True,val
MCD,2284,mcd_phase3_rc_none.h5,2284_before,True,val
MCD,2285,mcd_phase3_rc_none.h5,2285_after,True,train
MCD,2285,mcd_phase3_rc_none.h5,2285_before,True,train
MCD,2291,mcd_phase3_rc_none.h5,2291_after,True,train
MCD,2291,mcd_phase3_rc_none.h5,2291_before,True,train
MCD,2323,mcd_phase3_rc_none.h5,2323_after,True,val
MCD,2323,mcd_phase3_rc_none.h5,2323_before,True,val
MCD,2339,mcd_phase3_rc_none.h5,2339_after,True,train
MCD,2339,mcd_phase3_rc_none.h5,2339_before,True,train
MCD,2375,mcd_phase3_rc_none.h5,2375_after,True,train
MCD,2375,mcd_phase3_rc_none.h5,2375_before,True,train
MCD,2414,mcd_phase3_rc_none.h5,2414_after,True,train
MCD,2414,mcd_phase3_rc_none.h5,2414_before,True,train
MCD,2439,mcd_phase3_rc_none.h5,2439_after,True,val
MCD,2439,mcd_phase3_rc_none.h5,2439_before,True,val
MCD,2445,mcd_phase3_rc_none.h5,2445_after,True,val
MCD,2445,mcd_phase3_rc_none.h5,2445_before,True,val
MCD,2446,mcd_phase3_rc_none.h5,2446_after,True,train
MCD,2446,mcd_phase3_rc_none.h5,2446_before,True,train
MCD,2459,mcd_phase3_rc_none.h5,2459_after,True,train
MCD,2459,mcd_phase3_rc_none.h5,2459_before,True,train
MCD,2462,mcd_phase3_rc_none.h5,2462_after,True,train
MCD,2462,mcd_phase3_rc_none.h5,2462_before,True,train
MCD,2463,mcd_phase3_rc_none.h5,2463_after,True,train
MCD,2463,mcd_phase3_rc_none.h5,2463_before,True,train
MCD,2508,mcd_phase3_rc_none.h5,2508_after,True,train
MCD,2508,mcd_phase3_rc_none.h5,2508_before,True,train
MCD,2527,mcd_phase3_rc_none.h5,2527_after,True,val
MCD,2527,mcd_phase3_rc_none.h5,2527_before,True,val
MCD,2558,mcd_phase3_rc_none.h5,2558_after,True,train
MCD,2558,mcd_phase3_rc_none.h5,2558_before,True,train
MCD,2619,mcd_phase3_rc_none.h5,2619_after,True,val
MCD,2619,mcd_phase3_rc_none.h5,2619_before,True,val
MCD,2625,mcd_phase3_rc_none.h5,2625_after,True,train
MCD,2625,mcd_phase3_rc_none.h5,2625_before,True,train
MCD,2638,mcd_phase3_rc_none.h5,2638_after,True,train
MCD,2638,mcd_phase3_rc_none.h5,2638_before,True,train
MCD,2646,mcd_phase3_rc_none.h5,2646_after,True,train
MCD,2646,mcd_phase3_rc_none.h5,2646_before,True,train
MCD,2651,mcd_phase3_rc_none.h5,2651_after,True,train
MCD,2651,mcd_phase3_rc_none.h5,2651_before,True,train
MCD,2659,mcd_phase3_rc_none.h5,2659_after,True,val
MCD,2659,mcd_phase3_rc_none.h5,2659_before,True,val
MCD,2672,mcd_phase3_rc_none.h5,2672_after,True,train
MCD,2672,mcd_phase3_rc_none.h5,2672_before,True,train
MCD,2676,mcd_phase3_rc_none.h5,2676_after,True,val
MCD,2676,mcd_phase3_rc_none.h5,2676_before,True,val
MCD,2704,mcd_phase3_rc_none.h5,2704_after,True,train
MCD,2704,mcd_phase3_rc_none.h5,2704_before,True,train
MCD,2732,mcd_phase3_rc_none.h5,2732_after,True,train
MCD,2732,mcd_phase3_rc_none.h5,2732_before,True,train
MCD,2751,mcd_phase3_rc_none.h5,2751_after,True,train
MCD,2751,mcd_phase3_rc_none.h5,2751_before,True,train
MCD,2755,mcd_phase3_rc_none.h5,2755_after,True,train
MCD,2755,mcd_phase3_rc_none.h5,2755_before,True,train
MCD,2778,mcd_phase3_rc_none.h5,2778_after,True,train
MCD,2778,mcd_phase3_rc_none.h5,2778_before,True,train
MCD,2801,mcd_phase3_rc_none.h5,2801_after,True,train
MCD,2801,mcd_phase3_rc_none.h5,2801_before,True,train
MCD,2802,mcd_phase3_rc_none.h5,2802_after,True,train
MCD,2802,mcd_phase3_rc_none.h5,2802_before,True,train
MCD,2818,mcd_phase3_rc_none.h5,2818_after,True,train
MCD,2818,mcd_phase3_rc_none.h5,2818_before,True,train
MCD,2823,mcd_phase3_rc_none.h5,2823_after,True,train
MCD,2823,mcd_phase3_rc_none.h5,2823_before,True,train
MCD,2842,mcd_phase3_rc_none.h5,2842_after,True,train
MCD,2842,mcd_phase3_rc_none.h5,2842_before,True,train
MCD,2851,mcd_phase3_rc_none.h5,2851_after,True,train
MCD,2851,mcd_phase3_rc_none.h5,2851_before,True,train
MCD,2852,mcd_phase3_rc_none.h5,2852_after,True,train
MCD,2852,mcd_phase3_rc_none.h5,2852_before,True,train
MCD,2857,mcd_phase3_rc_none.h5,2857_after,True,val
MCD,2857,mcd_phase3_rc_none.h5,2857_before,True,val
MCD,2874,mcd_phase3_rc_none.h5,2874_after,True,train
MCD,2874,mcd_phase3_rc_none.h5,2874_before,True,train
MCD,2875,mcd_phase3_rc_none.h5,2875_after,True,train
MCD,2875,mcd_phase3_rc_none.h5,2875_before,True,train
MCD,2895,mcd_phase3_rc_none.h5,2895_after,True,train
MCD,2895,mcd_phase3_rc_none.h5,2895_before,True,train
MCD,2907,mcd_phase3_rc_none.h5,2907_after,True,train
MCD,2907,mcd_phase3_rc_none.h5,2907_before,True,train
MCD,2916,mcd_phase3_rc_none.h5,2916_after,True,train
MCD,2916,mcd_phase3_rc_none.h5,2916_before,True,train
MCD,2928,mcd_phase3_rc_none.h5,2928_after,True,train
MCD,2928,mcd_phase3_rc_none.h5,2928_before,True,train
MCD,2948,mcd_phase3_rc_none.h5,2948_after,True,train
MCD,2948,mcd_phase3_rc_none.h5,2948_before,True,train
MCD,2962,mcd_phase3_rc_none.h5,2962_after,True,val
MCD,2962,mcd_phase3_rc_none.h5,2962_before,True,val
MCD,2964,mcd_phase3_rc_none.h5,2964_after,True,train
MCD,2964,mcd_phase3_rc_none.h5,2964_before,True,train
MCD,2967,mcd_phase3_rc_none.h5,2967_after,True,train
MCD,2967,mcd_phase3_rc_none.h5,2967_before,True,train
MCD,2968,mcd_phase3_rc_none.h5,2968_after,True,train
MCD,2968,mcd_phase3_rc_none.h5,2968_before,True,train
MCD,3000,mcd_phase3_rc_none.h5,3000_after,True,train
MCD,3000,mcd_phase3_rc_none.h5,3000_before,True,train
MCD,3006,mcd_phase3_rc_none.h5,3006_after,True,train
MCD,3006,mcd_phase3_rc_none.h5,3006_before,True,train
MCD,3016,mcd_phase3_rc_none.h5,3016_after,True,train
MCD,3016,mcd_phase3_rc_none.h5,3016_before,True,train
MCD,3059,mcd_phase3_rc_none.h5,3059_after,True,train
MCD,3059,mcd_phase3_rc_none.h5,3059_before,True,train
MCD,3066,mcd_phase3_rc_none.h5,3066_after,True,val
MCD,3066,mcd_phase3_rc_none.h5,3066_before,True,val
MCD,3077,mcd_phase3_rc_none.h5,3077_after,True,train
MCD,3077,mcd_phase3_rc_none.h5,3077_before,True,train
MCD,3096,mcd_phase3_rc_none.h5,3096_after,True,val
MCD,3096,mcd_phase3_rc_none.h5,3096_before,True,val
MCD,3133,mcd_phase3_rc_none.h5,3133_after,True,train
MCD,3133,mcd_phase3_rc_none.h5,3133_before,True,train
MCD,3142,mcd_phase3_rc_none.h5,3142_after,True,train
MCD,3142,mcd_phase3_rc_none.h5,3142_before,True,train
MCD,3150,mcd_phase3_rc_none.h5,3150_after,True,train
MCD,3150,mcd_phase3_rc_none.h5,3150_before,True,train
MCD,3153,mcd_phase3_rc_none.h5,3153_after,True,train
MCD,3153,mcd_phase3_rc_none.h5,3153_before,True,train
MCD,3155,mcd_phase3_rc_none.h5,3155_after,True,val
MCD,3155,mcd_phase3_rc_none.h5,3155_before,True,val
MCD,3180,mcd_phase3_rc_none.h5,3180_after,True,val
MCD,3180,mcd_phase3_rc_none.h5,3180_before,True,val
MCD,3192,mcd_phase3_rc_none.h5,3192_after,True,train
MCD,3192,mcd_phase3_rc_none.h5,3192_before,True,train
MCD,3194,mcd_phase3_rc_none.h5,3194_after,True,val
MCD,3194,mcd_phase3_rc_none.h5,3194_before,True,val
MCD,3196,mcd_phase3_rc_none.h5,3196_after,True,train
MCD,3196,mcd_phase3_rc_none.h5,3196_before,True,train
MCD,3220,mcd_phase3_rc_none.h5,3220_after,True,val
MCD,3220,mcd_phase3_rc_none.h5,3220_before,True,val
MCD,3232,mcd_phase3_rc_none.h5,3232_after,True,train
MCD,3232,mcd_phase3_rc_none.h5,3232_before,True,train
MCD,3235,mcd_phase3_rc_none.h5,3235_after,True,train
MCD,3235,mcd_phase3_rc_none.h5,3235_before,True,train
MCD,3245,mcd_phase3_rc_none.h5,3245_after,True,train
MCD,3245,mcd_phase3_rc_none.h5,3245_before,True,train
MCD,3254,mcd_phase3_rc_none.h5,3254_after,True,train
MCD,3254,mcd_phase3_rc_none.h5,3254_before,True,train
MCD,3315,mcd_phase3_rc_none.h5,3315_after,True,train
MCD,3315,mcd_phase3_rc_none.h5,3315_before,True,train
MCD,3326,mcd_phase3_rc_none.h5,3326_after,True,train
MCD,3326,mcd_phase3_rc_none.h5,3326_before,True,train
MCD,3342,mcd_phase3_rc_none.h5,3342_after,True,train
MCD,3342,mcd_phase3_rc_none.h5,3342_before,True,train
MCD,3345,mcd_phase3_rc_none.h5,3345_after,True,train
MCD,3345,mcd_phase3_rc_none.h5,3345_before,True,train
MCD,3348,mcd_phase3_rc_none.h5,3348_after,True,train
MCD,3348,mcd_phase3_rc_none.h5,3348_before,True,train
MCD,3351,mcd_phase3_rc_none.h5,3351_after,False,train
MCD,3351,mcd_phase3_rc_none.h5,3351_before,True,train
MCD,3363,mcd_phase3_rc_none.h5,3363_after,True,train
MCD,3363,mcd_phase3_rc_none.h5,3363_before,True,train
MCD,3364,mcd_phase3_rc_none.h5,3364_after,True,train
MCD,3364,mcd_phase3_rc_none.h5,3364_before,True,train
MCD,3375,mcd_phase3_rc_none.h5,3375_after,True,train
MCD,3375,mcd_phase3_rc_none.h5,3375_before,True,train
MCD,3385,mcd_phase3_rc_none.h5,3385_after,True,train
MCD,3385,mcd_phase3_rc_none.h5,3385_before,True,train
MCD,3394,mcd_phase3_rc_none.h5,3394_after,True,val
MCD,3394,mcd_phase3_rc_none.h5,3394_before,True,val
MCD,3401,mcd_phase3_rc_none.h5,3401_after,True,train
MCD,3401,mcd_phase3_rc_none.h5,3401_before,True,train
MCD,3406,mcd_phase3_rc_none.h5,3406_after,True,train
MCD,3406,mcd_phase3_rc_none.h5,3406_before,True,train
MCD,3418,mcd_phase3_rc_none.h5,3418_after,True,train
MCD,3418,mcd_phase3_rc_none.h5,3418_before,True,train
MCD,3420,mcd_phase3_rc_none.h5,3420_after,True,train
MCD,3420,mcd_phase3_rc_none.h5,3420_before,True,train
MCD,3448,mcd_phase3_rc_none.h5,3448_after,True,train
MCD,3448,mcd_phase3_rc_none.h5,3448_before,True,train
MCD,3465,mcd_phase3_rc_none.h5,3465_after,True,val
MCD,3465,mcd_phase3_rc_none.h5,3465_before,True,val
MCD,3494,mcd_phase3_rc_none.h5,3494_after,True,val
MCD,3494,mcd_phase3_rc_none.h5,3494_before,True,val
MCD,3508,mcd_phase3_rc_none.h5,3508_after,True,train
MCD,3508,mcd_phase3_rc_none.h5,3508_before,True,train
MCD,3520,mcd_phase3_rc_none.h5,3520_after,True,train
MCD,3520,mcd_phase3_rc_none.h5,3520_before,True,train
MCD,3523,mcd_phase3_rc_none.h5,3523_after,True,train
MCD,3523,mcd_phase3_rc_none.h5,3523_before,True,train
MCD,3524,mcd_phase3_rc_none.h5,3524_after,True,train
MCD,3524,mcd_phase3_rc_none.h5,3524_before,True,train
MCD,3526,mcd_phase3_rc_none.h5,3526_after,True,train
MCD,3526,mcd_phase3_rc_none.h5,3526_before,True,train
MCD,3529,mcd_phase3_rc_none.h5,3529_after,True,train
MCD,3529,mcd_phase3_rc_none.h5,3529_before,True,train
MCD,3533,mcd_phase3_rc_none.h5,3533_after,True,train
MCD,3533,mcd_phase3_rc_none.h5,3533_before,True,train
MCD,3554,mcd_phase3_rc_none.h5,3554_after,True,train
MCD,3554,mcd_phase3_rc_none.h5,3554_before,True,train
MCD,3557,mcd_phase3_rc_none.h5,3557_after,True,val
MCD,3557,mcd_phase3_rc_none.h5,3557_before,True,val
MCD,3571,mcd_phase3_rc_none.h5,3571_after,False,train
MCD,3571,mcd_phase3_rc_none.h5,3571_before,True,train
MCD,3581,mcd_phase3_rc_none.h5,3581_after,True,train
MCD,3581,mcd_phase3_rc_none.h5,3581_before,True,train
MCD,3593,mcd_phase3_rc_none.h5,3593_after,True,train
MCD,3593,mcd_phase3_rc_none.h5,3593_before,True,train
MCD,3600,mcd_phase3_rc_none.h5,3600_after,True,train
MCD,3600,mcd_phase3_rc_none.h5,3600_before,True,train
MCD,3625,mcd_phase3_rc_none.h5,3625_after,True,train
MCD,3625,mcd_phase3_rc_none.h5,3625_before,True,train
MCD,3636,mcd_phase3_rc_none.h5,3636_after,True,train
MCD,3636,mcd_phase3_rc_none.h5,3636_before,True,train
MCD,3656,mcd_phase3_rc_none.h5,3656_after,True,train
MCD,3656,mcd_phase3_rc_none.h5,3656_before,True,train
MCD,3658,mcd_phase3_rc_none.h5,3658_after,True,val
MCD,3658,mcd_phase3_rc_none.h5,3658_before,True,val
MCD,3682,mcd_phase3_rc_none.h5,3682_after,True,train
MCD,3682,mcd_phase3_rc_none.h5,3682_before,True,train
MCD,3683,mcd_phase3_rc_none.h5,3683_after,True,train
MCD,3683,mcd_phase3_rc_none.h5,3683_before,True,train
MCD,3699,mcd_phase3_rc_none.h5,3699_after,True,train
MCD,3699,mcd_phase3_rc_none.h5,3699_before,True,train
MCD,3700,mcd_phase3_rc_none.h5,3700_after,True,train
MCD,3700,mcd_phase3_rc_none.h5,3700_before,True,train
MCD,3701,mcd_phase3_rc_none.h5,3701_after,True,train
MCD,3701,mcd_phase3_rc_none.h5,3701_before,True,train
MCD,3732,mcd_phase3_rc_none.h5,3732_after,True,train
MCD,3732,mcd_phase3_rc_none.h5,3732_before,True,train
MCD,3735,mcd_phase3_rc_none.h5,3735_after,True,train
MCD,3735,mcd_phase3_rc_none.h5,3735_before,True,train
MCD,3738,mcd_phase3_rc_none.h5,3738_after,True,train
MCD,3738,mcd_phase3_rc_none.h5,3738_before,True,train
MCD,3754,mcd_phase3_rc_none.h5,3754_after,True,train
MCD,3754,mcd_phase3_rc_none.h5,3754_before,True,train
MCD,3763,mcd_phase3_rc_none.h5,3763_after,True,val
MCD,3763,mcd_phase3_rc_none.h5,3763_before,True,val
MCD,3778,mcd_phase3_rc_none.h5,3778_after,True,train
MCD,3778,mcd_phase3_rc_none.h5,3778_before,True,train
MCD,3780,mcd_phase3_rc_none.h5,3780_after,True,train
MCD,3780,mcd_phase3_rc_none.h5,3780_before,True,train
MCD,3783,mcd_phase3_rc_none.h5,3783_after,True,train
MCD,3783,mcd_phase3_rc_none.h5,3783_before,True,train
MCD,3784,mcd_phase3_rc_none.h5,3784_after,True,train
MCD,3784,mcd_phase3_rc_none.h5,3784_before,True,train
MCD,3797,mcd_phase3_rc_none.h5,3797_after,True,val
MCD,3797,mcd_phase3_rc_none.h5,3797_before,True,val
MCD,3833,mcd_phase3_rc_none.h5,3833_after,True,train
MCD,3833,mcd_phase3_rc_none.h5,3833_before,True,train
MCD,3889,mcd_phase3_rc_none.h5,3889_after,True,train
MCD,3889,mcd_phase3_rc_none.h5,3889_before,True,train
MCD,3906,mcd_phase3_rc_none.h5,3906_after,True,train
MCD,3906,mcd_phase3_rc_none.h5,3906_before,True,train
MCD,3930,mcd_phase3_rc_none.h5,3930_after,True,train
MCD,3930,mcd_phase3_rc_none.h5,3930_before,True,train
MCD,3957,mcd_phase3_rc_none.h5,3957_after,True,train
MCD,3957,mcd_phase3_rc_none.h5,3957_before,True,train
MCD,3962,mcd_phase3_rc_none.h5,3962_after,True,train
MCD,3962,mcd_phase3_rc_none.h5,3962_before,True,train
MCD,4016,mcd_phase3_rc_none.h5,4016_after,True,val
MCD,4016,mcd_phase3_rc_none.h5,4016_before,True,val
MCD,4055,mcd_phase3_rc_none.h5,4055_after,True,train
MCD,4055,mcd_phase3_rc_none.h5,4055_before,True,train
MCD,4073,mcd_phase3_rc_none.h5,4073_after,True,train
MCD,4073,mcd_phase3_rc_none.h5,4073_before,True,train
MCD,4074,mcd_phase3_rc_none.h5,4074_after,True,train
MCD,4074,mcd_phase3_rc_none.h5,4074_before,True,train
MCD,4087,mcd_phase3_rc_none.h5,4087_after,True,val
MCD,4087,mcd_phase3_rc_none.h5,4087_before,True,val
MCD,4119,mcd_phase3_rc_none.h5,4119_after,True,val
MCD,4119,mcd_phase3_rc_none.h5,4119_before,True,val
MCD,4172,mcd_phase3_rc_none.h5,4172_after,True,train
MCD,4172,mcd_phase3_rc_none.h5,4172_before,True,train
MCD,4173,mcd_phase3_rc_none.h5,4173_after,True,train
MCD,4173,mcd_phase3_rc_none.h5,4173_before,True,train
MCD,4179,mcd_phase3_rc_none.h5,4179_after,True,train
MCD,4179,mcd_phase3_rc_none.h5,4179_before,True,train
MCD,4182,mcd_phase3_rc_none.h5,4182_after,True,train
MCD,4182,mcd_phase3_rc_none.h5,4182_before,True,train
MCD,4187,mcd_phase3_rc_none.h5,4187_after,True,train
MCD,4187,mcd_phase3_rc_none.h5,4187_before,True,train
MCD,4211,mcd_phase3_rc_none.h5,4211_after,True,train
MCD,4211,mcd_phase3_rc_none.h5,4211_before,True,train
MCD,4225,mcd_phase3_rc_none.h5,4225_after,True,train
MCD,4225,mcd_phase3_rc_none.h5,4225_before,True,train
MCD,4249,mcd_phase3_rc_none.h5,4249_after,True,train
MCD,4249,mcd_phase3_rc_none.h5,4249_before,True,train
MCD,4256,mcd_phase3_rc_none.h5,4256_after,True,train
MCD,4256,mcd_phase3_rc_none.h5,4256_before,True,train
MCD,4264,mcd_phase3_rc_none.h5,4264_after,True,train
MCD,4264,mcd_phase3_rc_none.h5,4264_before,True,train
MCD,4295,mcd_phase3_rc_none.h5,4295_after,True,train
MCD,4295,mcd_phase3_rc_none.h5,4295_before,True,train
MCD,4307,mcd_phase3_rc_none.h5,4307_after,True,train
MCD,4307,mcd_phase3_rc_none.h5,4307_before,True,train
MCD,4311,mcd_phase3_rc_none.h5,4311_after,True,train
MCD,4311,mcd_phase3_rc_none.h5,4311_before,True,train
MCD,4312,mcd_phase3_rc_none.h5,4312_after,True,train
MCD,4312,mcd_phase3_rc_none.h5,4312_before,True,train
MCD,4321,mcd_phase3_rc_none.h5,4321_after,True,train
MCD,4321,mcd_phase3_rc_none.h5,4321_before,True,train
MCD,4322,mcd_phase3_rc_none.h5,4322_after,True,train
MCD,4322,mcd_phase3_rc_none.h5,4322_before,True,train
MCD,4332,mcd_phase3_rc_none.h5,4332_after,True,train
MCD,4332,mcd_phase3_rc_none.h5,4332_before,True,train
MCD,4354,mcd_phase3_rc_none.h5,4354_after,True,train
MCD,4354,mcd_phase3_rc_none.h5,4354_before,True,train
MCD,4356,mcd_phase3_rc_none.h5,4356_after,True,train
MCD,4356,mcd_phase3_rc_none.h5,4356_before,True,train
MCD,4397,mcd_phase3_rc_none.h5,4397_after,True,val
MCD,4397,mcd_phase3_rc_none.h5,4397_before,True,val
MCD,4404,mcd_phase3_rc_none.h5,4404_after,True,val
MCD,4404,mcd_phase3_rc_none.h5,4404_before,True,val
MCD,4430,mcd_phase3_rc_none.h5,4430_after,True,val
MCD,4430,mcd_phase3_rc_none.h5,4430_before,True,val
MCD,4434,mcd_phase3_rc_none.h5,4434_after,True,train
MCD,4434,mcd_phase3_rc_none.h5,4434_before,True,train
MCD,4440,mcd_phase3_rc_none.h5,4440_after,True,train
MCD,4440,mcd_phase3_rc_none.h5,4440_before,True,train
MCD,4448,mcd_phase3_rc_none.h5,4448_after,True,train
MCD,4448,mcd_phase3_rc_none.h5,4448_before,True,train
MCD,4479,mcd_phase3_rc_none.h5,4479_after,True,val
MCD,4479,mcd_phase3_rc_none.h5,4479_before,True,val
MCD,4482,mcd_phase3_rc_none.h5,4482_after,True,train
MCD,4482,mcd_phase3_rc_none.h5,4482_before,True,train
MCD,4488,mcd_phase3_rc_none.h5,4488_after,True,val
MCD,4488,mcd_phase3_rc_none.h5,4488_before,True,val
MCD,4493,mcd_phase3_rc_none.h5,4493_after,True,train
MCD,4493,mcd_phase3_rc_none.h5,4493_before,True,train
MCD,4504,mcd_phase3_rc_none.h5,4504_after,True,train
MCD,4504,mcd_phase3_rc_none.h5,4504_before,True,train
MCD,4519,mcd_phase3_rc_none.h5,4519_after,True,train
MCD,4519,mcd_phase3_rc_none.h5,4519_before,True,train
MCD,4532,mcd_phase3_rc_none.h5,4532_after,True,train
MCD,4532,mcd_phase3_rc_none.h5,4532_before,True,train
MCD,4546,mcd_phase3_rc_none.h5,4546_after,True,train
MCD,4546,mcd_phase3_rc_none.h5,4546_before,True,train
MCD,4551,mcd_phase3_rc_none.h5,4551_after,True,train
MCD,4551,mcd_phase3_rc_none.h5,4551_before,True,train
MCD,4557,mcd_phase3_rc_none.h5,4557_after,True,train
MCD,4557,mcd_phase3_rc_none.h5,4557_before,True,train
MCD,4571,mcd_phase3_rc_none.h5,4571_after,True,train
MCD,4571,mcd_phase3_rc_none.h5,4571_before,True,train
MCD,4577,mcd_phase3_rc_none.h5,4577_after,True,train
MCD,4577,mcd_phase3_rc_none.h5,4577_before,True,train
MCD,4610,mcd_phase3_rc_none.h5,4610_after,True,train
MCD,4610,mcd_phase3_rc_none.h5,4610_before,True,train
MCD,4617,mcd_phase3_rc_none.h5,4617_after,True,train
MCD,4617,mcd_phase3_rc_none.h5,4617_before,True,train
MCD,4639,mcd_phase3_rc_none.h5,4639_after,True,train
MCD,4639,mcd_phase3_rc_none.h5,4639_before,True,train
MCD,4646,mcd_phase3_rc_none.h5,4646_after,True,train
MCD,4646,mcd_phase3_rc_none.h5,4646_before,True,train
MCD,4685,mcd_phase3_rc_none.h5,4685_after,True,val
MCD,4685,mcd_phase3_rc_none.h5,4685_before,True,val
MCD,4691,mcd_phase3_rc_none.h5,4691_after,True,train
MCD,4691,mcd_phase3_rc_none.h5,4691_before,True,train
MCD,4698,mcd_phase3_rc_none.h5,4698_after,True,train
MCD,4698,mcd_phase3_rc_none.h5,4698_before,True,train
MCD,4704,mcd_phase3_rc_none.h5,4704_after,True,train
MCD,4704,mcd_phase3_rc_none.h5,4704_before,True,train
MCD,4718,mcd_phase3_rc_none.h5,4718_after,True,train
MCD,4718,mcd_phase3_rc_none.h5,4718_before,True,train
MCD,4724,mcd_phase3_rc_none.h5,4724_after,True,val
MCD,4724,mcd_phase3_rc_none.h5,4724_before,True,val
MCD,4731,mcd_phase3_rc_none.h5,4731_after,True,train
MCD,4731,mcd_phase3_rc_none.h5,4731_before,True,train
MCD,4754,mcd_phase3_rc_none.h5,4754_after,True,train
MCD,4754,mcd_phase3_rc_none.h5,4754_before,True,train
MCD,4784,mcd_phase3_rc_none.h5,4784_after,True,train
MCD,4784,mcd_phase3_rc_none.h5,4784_before,True,train
MCD,4815,mcd_phase3_rc_none.h5,4815_after,True,val
MCD,4815,mcd_phase3_rc_none.h5,4815_before,True,val
MCD,4822,mcd_phase3_rc_none.h5,4822_after,True,val
MCD,4822,mcd_phase3_rc_none.h5,4822_before,True,val
MCD,4844,mcd_phase3_rc_none.h5,4844_after,True,train
MCD,4844,mcd_phase3_rc_none.h5,4844_before,True,train
MCD,4874,mcd_phase3_rc_none.h5,4874_after,True,train
MCD,4874,mcd_phase3_rc_none.h5,4874_before,True,train
MCD,4892,mcd_phase3_rc_none.h5,4892_after,True,train
MCD,4892,mcd_phase3_rc_none.h5,4892_before,True,train
MCD,4902,mcd_phase3_rc_none.h5,4902_after,True,train
MCD,4902,mcd_phase3_rc_none.h5,4902_before,True,train
MCD,4909,mcd_phase3_rc_none.h5,4909_after,True,val
MCD,4909,mcd_phase3_rc_none.h5,4909_before,True,val
MCD,4929,mcd_phase3_rc_none.h5,4929_after,True,val
MCD,4929,mcd_phase3_rc_none.h5,4929_before,True,val
MCD,4932,mcd_phase3_rc_none.h5,4932_after,True,train
MCD,4932,mcd_phase3_rc_none.h5,4932_before,True,train
MCD,4936,mcd_phase3_rc_none.h5,4936_after,True,train
MCD,4936,mcd_phase3_rc_none.h5,4936_before,True,train
MCD,4937,mcd_phase3_rc_none.h5,4937_after,True,val
MCD,4937,mcd_phase3_rc_none.h5,4937_before,True,val
MCD,4952,mcd_phase3_rc_none.h5,4952_after,False,none
MCD,4952,mcd_phase3_rc_none.h5,4952_before,False,none
MCD,4968,mcd_phase3_rc_none.h5,4968_after,True,train
MCD,4968,mcd_phase3_rc_none.h5,4968_before,True,train
MCD,5003,mcd_phase3_rc_none.h5,5003_after,True,train
MCD,5003,mcd_phase3_rc_none.h5,5003_before,True,train
MCD,5031,mcd_phase3_rc_none.h5,5031_after,True,train
MCD,5031,mcd_phase3_rc_none.h5,5031_before,True,train
MCD,5044,mcd_phase3_rc_none.h5,5044_after,True,train
MCD,5044,mcd_phase3_rc_none.h5,5044_before,True,train
MCD,5074,mcd_phase3_rc_none.h5,5074_after,True,train
MCD,5074,mcd_phase3_rc_none.h5,5074_before,True,train
MCD,5078,mcd_phase3_rc_none.h5,5078_after,True,train
MCD,5078,mcd_phase3_rc_none.h5,5078_before,True,train
MCD,5096,mcd_phase3_rc_none.h5,5096_after,True,train
MCD,5096,mcd_phase3_rc_none.h5,5096_before,True,train
MCD,5123,mcd_phase3_rc_none.h5,5123_after,True,train
MCD,5123,mcd_phase3_rc_none.h5,5123_before,True,train
MCD,5125,mcd_phase3_rc_none.h5,5125_after,True,train
MCD,5125,mcd_phase3_rc_none.h5,5125_before,True,train
MCD,5130,mcd_phase3_rc_none.h5,5130_after,True,val
MCD,5130,mcd_phase3_rc_none.h5,5130_before,True,val
MCD,5138,mcd_phase3_rc_none.h5,5138_after,True,train
MCD,5138,mcd_phase3_rc_none.h5,5138_before,True,train
MCD,5148,mcd_phase3_rc_none.h5,5148_after,True,train
MCD,5148,mcd_phase3_rc_none.h5,5148_before,True,train
MCD,5156,mcd_phase3_rc_none.h5,5156_after,True,val
MCD,5156,mcd_phase3_rc_none.h5,5156_before,True,val
MCD,5174,mcd_phase3_rc_none.h5,5174_after,True,train
MCD,5174,mcd_phase3_rc_none.h5,5174_before,True,train
MCD,5207,mcd_phase3_rc_none.h5,5207_after,True,train
MCD,5207,mcd_phase3_rc_none.h5,5207_before,True,train
MCD,5214,mcd_phase3_rc_none.h5,5214_after,True,train
MCD,5214,mcd_phase3_rc_none.h5,5214_before,True,train
MCD,5215,mcd_phase3_rc_none.h5,5215_after,True,train
MCD,5215,mcd_phase3_rc_none.h5,5215_before,True,train
MCD,5217,mcd_phase3_rc_none.h5,5217_after,True,train
MCD,5217,mcd_phase3_rc_none.h5,5217_before,True,train
MCD,5223,mcd_phase3_rc_none.h5,5223_after,True,train
MCD,5223,mcd_phase3_rc_none.h5,5223_before,True,train
MCD,5228,mcd_phase3_rc_none.h5,5228_after,True,train
MCD,5228,mcd_phase3_rc_none.h5,5228_before,True,train
MCD,5237,mcd_phase3_rc_none.h5,5237_after,True,train
MCD,5237,mcd_phase3_rc_none.h5,5237_before,True,train
MCD,5243,mcd_phase3_rc_none.h5,5243_after,True,train
MCD,5243,mcd_phase3_rc_none.h5,5243_before,True,train
MCD,5250,mcd_phase3_rc_none.h5,5250_after,True,train
MCD,5250,mcd_phase3_rc_none.h5,5250_before,True,train
MCD,5287,mcd_phase3_rc_none.h5,5287_after,True,val
MCD,5287,mcd_phase3_rc_none.h5,5287_before,True,val
MCD,5288,mcd_phase3_rc_none.h5,5288_after,True,val
MCD,5288,mcd_phase3_rc_none.h5,5288_before,True,val
MCD,5292,mcd_phase3_rc_none.h5,5292_after,True,train
MCD,5292,mcd_phase3_rc_none.h5,5292_before,True,train
MCD,5307,mcd_phase3_rc_none.h5,5307_after,True,train
MCD,5307,mcd_phase3_rc_none.h5,5307_before,True,train
MCD,5308,mcd_phase3_rc_none.h5,5308_after,True,val
MCD,5308,mcd_phase3_rc_none.h5,5308_before,True,val
MCD,5332,mcd_phase3_rc_none.h5,5332_after,True,train
MCD,5332,mcd_phase3_rc_none.h5,5332_before,True,train
MCD,5347,mcd_phase3_rc_none.h5,5347_after,True,train
MCD,5347,mcd_phase3_rc_none.h5,5347_before,True,train
MCD,5353,mcd_phase3_rc_none.h5,5353_after,True,train
MCD,5353,mcd_phase3_rc_none.h5,5353_before,True,train
MCD,5356,mcd_phase3_rc_none.h5,5356_after,True,val
MCD,5356,mcd_phase3_rc_none.h5,5356_before,True,val
MCD,5394,mcd_phase3_rc_none.h5,5394_after,True,train
MCD,5394,mcd_phase3_rc_none.h5,5394_before,True,train
MCD,5395,mcd_phase3_rc_none.h5,5395_after,True,val
MCD,5395,mcd_phase3_rc_none.h5,5395_before,True,val
MCD,5441,mcd_phase3_rc_none.h5,5441_after,True,train
MCD,5441,mcd_phase3_rc_none.h5,5441_before,True,train
MCD,5483,mcd_phase3_rc_none.h5,5483_after,True,train
MCD,5483,mcd_phase3_rc_none.h5,5483_before,True,train
MCD,5486,mcd_phase3_rc_none.h5,5486_after,True,train
MCD,5486,mcd_phase3_rc_none.h5,5486_before,True,train
MCD,5500,mcd_phase3_rc_none.h5,5500_after,True,train
MCD,5500,mcd_phase3_rc_none.h5,5500_before,True,train
MCD,5507,mcd_phase3_rc_none.h5,5507_after,True,train
MCD,5507,mcd_phase3_rc_none.h5,5507_before,True,train
MCD,5524,mcd_phase3_rc_none.h5,5524_after,True,train
MCD,5524,mcd_phase3_rc_none.h5,5524_before,True,train
MCD,5526,mcd_phase3_rc_none.h5,5526_after,True,train
MCD,5526,mcd_phase3_rc_none.h5,5526_before,True,train
MCD,5533,mcd_phase3_rc_none.h5,5533_after,True,train
MCD,5533,mcd_phase3_rc_none.h5,5533_before,True,train
MCD,5535,mcd_phase3_rc_none.h5,5535_after,True,val
MCD,5535,mcd_phase3_rc_none.h5,5535_before,True,val
MCD,5536,mcd_phase3_rc_none.h5,5536_after,True,train
MCD,5536,mcd_phase3_rc_none.h5,5536_before,True,train
MCD,5543,mcd_phase3_rc_none.h5,5543_after,True,val
MCD,5543,mcd_phase3_rc_none.h5,5543_before,True,val
MCD,5550,mcd_phase3_rc_none.h5,5550_after,True,val
MCD,5550,mcd_phase3_rc_none.h5,5550_before,True,val
MCD,5562,mcd_phase3_rc_none.h5,5562_after,True,val
MCD,5562,mcd_phase3_rc_none.h5,5562_before,True,val
MCD,5563,mcd_phase3_rc_none.h5,5563_after,True,train
MCD,5563,mcd_phase3_rc_none.h5,5563_before,True,train
MCD,5564,mcd_phase3_rc_none.h5,5564_after,True,val
MCD,5564,mcd_phase3_rc_none.h5,5564_before,True,val
MCD,5587,mcd_phase3_rc_none.h5,5587_after,True,train
MCD,5587,mcd_phase3_rc_none.h5,5587_before,True,train
MCD,5626,mcd_phase3_rc_none.h5,5626_after,True,train
MCD,5626,mcd_phase3_rc_none.h5,5626_before,True,train
MCD,5637,mcd_phase3_rc_none.h5,5637_after,True,train
MCD,5637,mcd_phase3_rc_none.h5,5637_before,True,train
MCD,5644,mcd_phase3_rc_none.h5,5644_after,True,train
MCD,5644,mcd_phase3_rc_none.h5,5644_before,True,train
MCD,5646,mcd_phase3_rc_none.h5,5646_after,True,train
MCD,5646,mcd_phase3_rc_none.h5,5646_before,True,train
MCD,5676,mcd_phase3_rc_none.h5,5676_after,True,train
MCD,5676,mcd_phase3_rc_none.h5,5676_before,True,train
MCD,5719,mcd_phase3_rc_none.h5,5719_after,True,train
MCD,5719,mcd_phase3_rc_none.h5,5719_before,True,train
MCD,5721,mcd_phase3_rc_none.h5,5721_after,True,train
MCD,5721,mcd_phase3_rc_none.h5,5721_before,True,train
MCD,5733,mcd_phase3_rc_none.h5,5733_after,True,val
MCD,5733,mcd_phase3_rc_none.h5,5733_before,True,val
MCD,5734,mcd_phase3_rc_none.h5,5734_after,True,val
MCD,5734,mcd_phase3_rc_none.h5,5734_before,True,val
MCD,5785,mcd_phase3_rc_none.h5,5785_after,True,train
MCD,5785,mcd_phase3_rc_none.h5,5785_before,True,train
MCD,5790,mcd_phase3_rc_none.h5,5790_after,True,train
MCD,5790,mcd_phase3_rc_none.h5,5790_before,True,train
MCD,5796,mcd_phase3_rc_none.h5,5796_after,True,train
MCD,5796,mcd_phase3_rc_none.h5,5796_before,True,train
MCD,5800,mcd_phase3_rc_none.h5,5800_after,True,train
MCD,5800,mcd_phase3_rc_none.h5,5800_before,True,train
MCD,5811,mcd_phase3_rc_none.h5,5811_after,True,train
MCD,5811,mcd_phase3_rc_none.h5,5811_before,True,train
MCD,5822,mcd_phase3_rc_none.h5,5822_after,True,train
MCD,5822,mcd_phase3_rc_none.h5,5822_before,True,train
MCD,5833,mcd_phase3_rc_none.h5,5833_after,True,train
MCD,5833,mcd_phase3_rc_none.h5,5833_before,True,train
MCD,5860,mcd_phase3_rc_none.h5,5860_after,True,train
MCD,5860,mcd_phase3_rc_none.h5,5860_before,True,train
MCD,5904,mcd_phase3_rc_none.h5,5904_after,True,train
MCD,5904,mcd_phase3_rc_none.h5,5904_before,True,train
MCD,5909,mcd_phase3_rc_none.h5,5909_after,True,val
MCD,5909,mcd_phase3_rc_none.h5,5909_before,True,val
MCD,5921,mcd_phase3_rc_none.h5,5921_after,True,train
MCD,5921,mcd_phase3_rc_none.h5,5921_before,True,train
MCD,5928,mcd_phase3_rc_none.h5,5928_after,True,val
MCD,5928,mcd_phase3_rc_none.h5,5928_before,True,val
MCD,5938,mcd_phase3_rc_none.h5,5938_after,True,train
MCD,5938,mcd_phase3_rc_none.h5,5938_before,True,train
MCD,5948,mcd_phase3_rc_none.h5,5948_after,True,train
MCD,5948,mcd_phase3_rc_none.h5,5948_before,True,train
MCD,5974,mcd_phase3_rc_none.h5,5974_after,True,train
MCD,5974,mcd_phase3_rc_none.h5,5974_before,True,train
MCD,5980,mcd_phase3_rc_none.h5,5980_after,True,val
MCD,5980,mcd_phase3_rc_none.h5,5980_before,True,val
MCD,5989,mcd_phase3_rc_none.h5,5989_after,True,val
MCD,5989,mcd_phase3_rc_none.h5,5989_before,True,val
MCD,6008,mcd_phase3_rc_none.h5,6008_after,True,train
MCD,6008,mcd_phase3_rc_none.h5,6008_before,True,train
MCD,6028,mcd_phase3_rc_none.h5,6028_after,True,train
MCD,6028,mcd_phase3_rc_none.h5,6028_before,True,train
MCD,6031,mcd_phase3_rc_none.h5,6031_after,True,train
MCD,6031,mcd_phase3_rc_none.h5,6031_before,True,train
MCD,6042,mcd_phase3_rc_none.h5,6042_after,True,train
MCD,6042,mcd_phase3_rc_none.h5,6042_before,True,train
MCD,6066,mcd_phase3_rc_none.h5,6066_after,True,val
MCD,6066,mcd_phase3_rc_none.h5,6066_before,True,val
MCD,6082,mcd_phase3_rc_none.h5,6082_after,True,train
MCD,6082,mcd_phase3_rc_none.h5,6082_before,True,train
MCD,6091,mcd_phase3_rc_none.h5,6091_after,True,train
MCD,6091,mcd_phase3_rc_none.h5,6091_before,True,train
MCD,6097,mcd_phase3_rc_none.h5,6097_after,True,val
MCD,6097,mcd_phase3_rc_none.h5,6097_before,True,val
MCD,6114,mcd_phase3_rc_none.h5,6114_after,True,train
MCD,6114,mcd_phase3_rc_none.h5,6114_before,True,train
MCD,6127,mcd_phase3_rc_none.h5,6127_after,True,train
MCD,6127,mcd_phase3_rc_none.h5,6127_before,True,train
MCD,6137,mcd_phase3_rc_none.h5,6137_after,True,train
MCD,6137,mcd_phase3_rc_none.h5,6137_before,True,train
MCD,6145,mcd_phase3_rc_none.h5,6145_after,True,train
MCD,6145,mcd_phase3_rc_none.h5,6145_before,True,train
MCD,6176,mcd_phase3_rc_none.h5,6176_after,True,train
MCD,6176,mcd_phase3_rc_none.h5,6176_before,True,train
MCD,6193,mcd_phase3_rc_none.h5,6193_after,True,train
MCD,6193,mcd_phase3_rc_none.h5,6193_before,True,train
MCD,6223,mcd_phase3_rc_none.h5,6223_after,True,train
MCD,6223,mcd_phase3_rc_none.h5,6223_before,True,train
MCD,6245,mcd_phase3_rc_none.h5,6245_after,True,train
MCD,6245,mcd_phase3_rc_none.h5,6245_before,True,train
MCD,6255,mcd_phase3_rc_none.h5,6255_after,True,train
MCD,6255,mcd_phase3_rc_none.h5,6255_before,True,train
MCD,6277,mcd_phase3_rc_none.h5,6277_after,True,train
MCD,6277,mcd_phase3_rc_none.h5,6277_before,True,train
MCD,6281,mcd_phase3_rc_none.h5,6281_after,True,val
MCD,6281,mcd_phase3_rc_none.h5,6281_before,True,val
MCD,6289,mcd_phase3_rc_none.h5,6289_after,True,train
MCD,6289,mcd_phase3_rc_none.h5,6289_before,True,train
MCD,6304,mcd_phase3_rc_none.h5,6304_after,True,train
MCD,6304,mcd_phase3_rc_none.h5,6304_before,True,train
MCD,6307,mcd_phase3_rc_none.h5,6307_after,True,train
MCD,6307,mcd_phase3_rc_none.h5,6307_before,True,train
MCD,6329,mcd_phase3_rc_none.h5,6329_after,True,train
MCD,6329,mcd_phase3_rc_none.h5,6329_before,True,train
MCD,6334,mcd_phase3_rc_none.h5,6334_after,True,train
MCD,6334,mcd_phase3_rc_none.h5,6334_before,True,train
MCD,6340,mcd_phase3_rc_none.h5,6340_after,True,train
MCD,6340,mcd_phase3_rc_none.h5,6340_before,True,train
MCD,6354,mcd_phase3_rc_none.h5,6354_after,True,train
MCD,6354,mcd_phase3_rc_none.h5,6354_before,True,train
MCD,6361,mcd_phase3_rc_none.h5,6361_after,True,train
MCD,6361,mcd_phase3_rc_none.h5,6361_before,True,train
MCD,6368,mcd_phase3_rc_none.h5,6368_after,True,train
MCD,6368,mcd_phase3_rc_none.h5,6368_before,True,train
MCD,6397,mcd_phase3_rc_none.h5,6397_after,True,train
MCD,6397,mcd_phase3_rc_none.h5,6397_before,True,train
MCD,6401,mcd_phase3_rc_none.h5,6401_after,True,train
MCD,6401,mcd_phase3_rc_none.h5,6401_before,True,train
MCD,6411,mcd_phase3_rc_none.h5,6411_after,True,train
MCD,6411,mcd_phase3_rc_none.h5,6411_before,True,train
MCD,6420,mcd_phase3_rc_none.h5,6420_after,True,train
MCD,6420,mcd_phase3_rc_none.h5,6420_before,True,train
MCD,6422,mcd_phase3_rc_none.h5,6422_after,True,train
MCD,6422,mcd_phase3_rc_none.h5,6422_before,True,train
MCD,6425,mcd_phase3_rc_none.h5,6425_after,True,train
MCD,6425,mcd_phase3_rc_none.h5,6425_before,True,train
MCD,6427,mcd_phase3_rc_none.h5,6427_after,True,train
MCD,6427,mcd_phase3_rc_none.h5,6427_before,True,train
MCD,6473,mcd_phase3_rc_none.h5,6473_after,True,val
MCD,6473,mcd_phase3_rc_none.h5,6473_before,True,val
MCD,6477,mcd_phase3_rc_none.h5,6477_after,True,val
MCD,6477,mcd_phase3_rc_none.h5,6477_before,True,val
MCD,6495,mcd_phase3_rc_none.h5,6495_after,True,train
MCD,6495,mcd_phase3_rc_none.h5,6495_before,True,train
MCD,6503,mcd_phase3_rc_none.h5,6503_after,True,train
MCD,6503,mcd_phase3_rc_none.h5,6503_before,True,train
MCD,6537,mcd_phase3_rc_none.h5,6537_after,True,train
MCD,6537,mcd_phase3_rc_none.h5,6537_before,True,train
MCD,6599,mcd_phase3_rc_none.h5,6599_after,True,train
MCD,6599,mcd_phase3_rc_none.h5,6599_before,True,train
MCD,6604,mcd_phase3_rc_none.h5,6604_after,True,train
MCD,6604,mcd_phase3_rc_none.h5,6604_before,True,train
MCD,6631,mcd_phase3_rc_none.h5,6631_after,True,val
MCD,6631,mcd_phase3_rc_none.h5,6631_before,True,val
MCD,6667,mcd_phase3_rc_none.h5,6667_after,True,train
MCD,6667,mcd_phase3_rc_none.h5,6667_before,True,train
MCD,6678,mcd_phase3_rc_none.h5,6678_after,True,train
MCD,6678,mcd_phase3_rc_none.h5,6678_before,True,train
MCD,6698,mcd_phase3_rc_none.h5,6698_after,True,train
MCD,6698,mcd_phase3_rc_none.h5,6698_before,True,train
MCD,6718,mcd_phase3_rc_none.h5,6718_after,True,train
MCD,6718,mcd_phase3_rc_none.h5,6718_before,True,train
MCD,6725,mcd_phase3_rc_none.h5,6725_after,True,train
MCD,6725,mcd_phase3_rc_none.h5,6725_before,True,train
MCD,6731,mcd_phase3_rc_none.h5,6731_after,True,train
MCD,6731,mcd_phase3_rc_none.h5,6731_before,True,train
MCD,6737,mcd_phase3_rc_none.h5,6737_after,True,val
MCD,6737,mcd_phase3_rc_none.h5,6737_before,True,val
MCD,6750,mcd_phase3_rc_none.h5,6750_after,True,train
MCD,6750,mcd_phase3_rc_none.h5,6750_before,True,train
MCD,6782,mcd_phase3_rc_none.h5,6782_after,True,train
MCD,6782,mcd_phase3_rc_none.h5,6782_before,True,train
MCD,6803,mcd_phase3_rc_none.h5,6803_after,True,train
MCD,6803,mcd_phase3_rc_none.h5,6803_before,True,train
MCD,6846,mcd_phase3_rc_none.h5,6846_after,True,val
MCD,6846,mcd_phase3_rc_none.h5,6846_before,True,val
MCD,6847,mcd_phase3_rc_none.h5,6847_after,True,train
MCD,6847,mcd_phase3_rc_none.h5,6847_before,True,train
MCD,6856,mcd_phase3_rc_none.h5,6856_after,True,train
MCD,6856,mcd_phase3_rc_none.h5,6856_before,True,train
MCD,6880,mcd_phase3_rc_none.h5,6880_after,True,val
MCD,6880,mcd_phase3_rc_none.h5,6880_before,True,val
MCD,6916,mcd_phase3_rc_none.h5,6916_after,True,train
MCD,6916,mcd_phase3_rc_none.h5,6916_before,True,train
MCD,6923,mcd_phase3_rc_none.h5,6923_after,True,train
MCD,6923,mcd_phase3_rc_none.h5,6923_before,True,train
MCD,6968,mcd_phase3_rc_none.h5,6968_after,True,train
MCD,6968,mcd_phase3_rc_none.h5,6968_before,True,train
MCD,6974,mcd_phase3_rc_none.h5,6974_after,True,train
MCD,6974,mcd_phase3_rc_none.h5,6974_before,True,train
MCD,6987,mcd_phase3_rc_none.h5,6987_after,True,train
MCD,6987,mcd_phase3_rc_none.h5,6987_before,True,train
MCD,6993,mcd_phase3_rc_none.h5,6993_after,True,train
MCD,6993,mcd_phase3_rc_none.h5,6993_before,True,train
MCD,7006,mcd_phase3_rc_none.h5,7006_after,True,train
MCD,7006,mcd_phase3_rc_none.h5,7006_before,True,train
MCD,7047,mcd_phase3_rc_none.h5,7047_after,True,val
MCD,7047,mcd_phase3_rc_none.h5,7047_before,True,val
MCD,7048,mcd_phase3_rc_none.h5,7048_after,True,val
MCD,7048,mcd_phase3_rc_none.h5,7048_before,True,val
MCD,7050,mcd_phase3_rc_none.h5,7050_after,True,train
MCD,7050,mcd_phase3_rc_none.h5,7050_before,True,train
MCD,7056,mcd_phase3_rc_none.h5,7056_after,True,train
MCD,7056,mcd_phase3_rc_none.h5,7056_before,True,train
MCD,7069,mcd_phase3_rc_none.h5,7069_after,True,train
MCD,7069,mcd_phase3_rc_none.h5,7069_before,True,train
MCD,7082,mcd_phase3_rc_none.h5,7082_after,True,train
MCD,7082,mcd_phase3_rc_none.h5,7082_before,True,train
MCD,7137,mcd_phase3_rc_none.h5,7137_after,True,train
MCD,7137,mcd_phase3_rc_none.h5,7137_before,True,train
MCD,7142,mcd_phase3_rc_none.h5,7142_after,True,train
MCD,7142,mcd_phase3_rc_none.h5,7142_before,True,train
MCD,7151,mcd_phase3_rc_none.h5,7151_after,True,train
MCD,7151,mcd_phase3_rc_none.h5,7151_before,True,train
MCD,7165,mcd_phase3_rc_none.h5,7165_after,True,val
MCD,7165,mcd_phase3_rc_none.h5,7165_before,True,val
MCD,7176,mcd_phase3_rc_none.h5,7176_after,True,train
MCD,7176,mcd_phase3_rc_none.h5,7176_before,True,train
MCD,7185,mcd_phase3_rc_none.h5,7185_after,True,train
MCD,7185,mcd_phase3_rc_none.h5,7185_before,True,train
MCD,7186,mcd_phase3_rc_none.h5,7186_after,True,train
MCD,7186,mcd_phase3_rc_none.h5,7186_before,True,train
MCD,7187,mcd_phase3_rc_none.h5,7187_after,True,train
MCD,7187,mcd_phase3_rc_none.h5,7187_before,True,train
MCD,7211,mcd_phase3_rc_none.h5,7211_after,True,val
MCD,7211,mcd_phase3_rc_none.h5,7211_before,True,val
MCD,7222,mcd_phase3_rc_none.h5,7222_after,True,train
MCD,7222,mcd_phase3_rc_none.h5,7222_before,True,train
MCD,7231,mcd_phase3_rc_none.h5,7231_after,True,train
MCD,7231,mcd_phase3_rc_none.h5,7231_before,True,train
MCD,7233,mcd_phase3_rc_none.h5,7233_after,True,train
MCD,7233,mcd_phase3_rc_none.h5,7233_before,True,train
MCD,7248,mcd_phase3_rc_none.h5,7248_after,True,val
MCD,7248,mcd_phase3_rc_none.h5,7248_before,True,val
MCD,7279,mcd_phase3_rc_none.h5,7279_after,True,train
MCD,7279,mcd_phase3_rc_none.h5,7279_before,True,train
MCD,7280,mcd_phase3_rc_none.h5,7280_after,True,train
MCD,7280,mcd_phase3_rc_none.h5,7280_before,True,train
MCD,7362,mcd_phase3_rc_none.h5,7362_after,True,val
MCD,7362,mcd_phase3_rc_none.h5,7362_before,True,val
MCD,7376,mcd_phase3_rc_none.h5,7376_after,True,train
MCD,7376,mcd_phase3_rc_none.h5,7376_before,True,train
MCD,7380,mcd_phase3_rc_none.h5,7380_after,True,train
MCD,7380,mcd_phase3_rc_none.h5,7380_before,True,train
MCD,7396,mcd_phase3_rc_none.h5,7396_after,True,train
MCD,7396,mcd_phase3_rc_none.h5,7396_before,True,train
MCD,7412,mcd_phase3_rc_none.h5,7412_after,False,train
MCD,7412,mcd_phase3_rc_none.h5,7412_before,True,train
MCD,7437,mcd_phase3_rc_none.h5,7437_after,True,train
MCD,7437,mcd_phase3_rc_none.h5,7437_before,True,train
MCD,7445,mcd_phase3_rc_none.h5,7445_after,True,train
MCD,7445,mcd_phase3_rc_none.h5,7445_before,True,train
MCD,7456,mcd_phase3_rc_none.h5,7456_after,True,val
MCD,7456,mcd_phase3_rc_none.h5,7456_before,True,val
MCD,7473,mcd_phase3_rc_none.h5,7473_after,True,train
MCD,7473,mcd_phase3_rc_none.h5,7473_before,True,train
MCD,7509,mcd_phase3_rc_none.h5,7509_after,True,val
MCD,7509,mcd_phase3_rc_none.h5,7509_before,True,val
MCD,7514,mcd_phase3_rc_none.h5,7514_after,True,train
MCD,7514,mcd_phase3_rc_none.h5,7514_before,True,train
MCD,7519,mcd_phase3_rc_none.h5,7519_after,True,train
MCD,7519,mcd_phase3_rc_none.h5,7519_before,True,train
MCD,7520,mcd_phase3_rc_none.h5,7520_after,True,train
MCD,7520,mcd_phase3_rc_none.h5,7520_before,True,train
MCD,7539,mcd_phase3_rc_none.h5,7539_after,True,train
MCD,7539,mcd_phase3_rc_none.h5,7539_before,True,train
MCD,7542,mcd_phase3_rc_none.h5,7542_after,True,val
MCD,7542,mcd_phase3_rc_none.h5,7542_before,True,val
MCD,7557,mcd_phase3_rc_none.h5,7557_after,True,train
MCD,7557,mcd_phase3_rc_none.h5,7557_before,True,train
MCD,7568,mcd_phase3_rc_none.h5,7568_after,True,train
MCD,7568,mcd_phase3_rc_none.h5,7568_before,True,train
MCD,7570,mcd_phase3_rc_none.h5,7570_after,True,train
MCD,7570,mcd_phase3_rc_none.h5,7570_before,True,train
MCD,7576,mcd_phase3_rc_none.h5,7576_after,True,train
MCD,7576,mcd_phase3_rc_none.h5,7576_before,True,train
MCD,7596,mcd_phase3_rc_none.h5,7596_after,True,train
MCD,7596,mcd_phase3_rc_none.h5,7596_before,True,train
MCD,7598,mcd_phase3_rc_none.h5,7598_after,True,val
MCD,7598,mcd_phase3_rc_none.h5,7598_before,True,val
MCD,7601,mcd_phase3_rc_none.h5,7601_after,True,train
MCD,7601,mcd_phase3_rc_none.h5,7601_before,True,train
MCD,7604,mcd_phase3_rc_none.h5,7604_after,True,train
MCD,7604,mcd_phase3_rc_none.h5,7604_before,True,train
MCD,7626,mcd_phase3_rc_none.h5,7626_after,True,val
MCD,7626,mcd_phase3_rc_none.h5,7626_before,True,val
MCD,7628,mcd_phase3_rc_none.h5,7628_after,True,train
MCD,7628,mcd_phase3_rc_none.h5,7628_before,True,train
MCD,7637,mcd_phase3_rc_none.h5,7637_after,True,train
MCD,7637,mcd_phase3_rc_none.h5,7637_before,True,train
MCD,7685,mcd_phase3_rc_none.h5,7685_after,True,train
MCD,7685,mcd_phase3_rc_none.h5,7685_before,True,train
MCD,7695,mcd_phase3_rc_none.h5,7695_after,True,train
MCD,7695,mcd_phase3_rc_none.h5,7695_before,True,train
MCD,7736,mcd_phase3_rc_none.h5,7736_after,True,train
MCD,7736,mcd_phase3_rc_none.h5,7736_before,True,train
MCD,7748,mcd_phase3_rc_none.h5,7748_after,True,train
MCD,7748,mcd_phase3_rc_none.h5,7748_before,True,train
MCD,7759,mcd_phase3_rc_none.h5,7759_after,True,train
MCD,7759,mcd_phase3_rc_none.h5,7759_before,True,train
MCD,7769,mcd_phase3_rc_none.h5,7769_after,True,train
MCD,7769,mcd_phase3_rc_none.h5,7769_before,True,train
MCD,7788,mcd_phase3_rc_none.h5,7788_after,True,train
MCD,7788,mcd_phase3_rc_none.h5,7788_before,True,train
MCD,7793,mcd_phase3_rc_none.h5,7793_after,True,train
MCD,7793,mcd_phase3_rc_none.h5,7793_before,True,train
MCD,7831,mcd_phase3_rc_none.h5,7831_after,True,train
MCD,7831,mcd_phase3_rc_none.h5,7831_before,True,train
MCD,7864,mcd_phase3_rc_none.h5,7864_after,True,train
MCD,7864,mcd_phase3_rc_none.h5,7864_before,True,train
MCD,7865,mcd_phase3_rc_none.h5,7865_after,True,train
MCD,7865,mcd_phase3_rc_none.h5,7865_before,True,train
MCD,7878,mcd_phase3_rc_none.h5,7878_after,True,train
MCD,7878,mcd_phase3_rc_none.h5,7878_before,True,train
MCD,7889,mcd_phase3_rc_none.h5,7889_after,True,train
MCD,7889,mcd_phase3_rc_none.h5,7889_before,True,train
MCD,7901,mcd_phase3_rc_none.h5,7901_after,True,train
MCD,7901,mcd_phase3_rc_none.h5,7901_before,True,train
MCD,7927,mcd_phase3_rc_none.h5,7927_after,True,train
MCD,7927,mcd_phase3_rc_none.h5,7927_before,True,train
MCD,7928,mcd_phase3_rc_none.h5,7928_after,True,val
MCD,7928,mcd_phase3_rc_none.h5,7928_before,True,val
MCD,7942,mcd_phase3_rc_none.h5,7942_after,True,train
MCD,7942,mcd_phase3_rc_none.h5,7942_before,True,train
MCD,7957,mcd_phase3_rc_none.h5,7957_after,True,train
MCD,7957,mcd_phase3_rc_none.h5,7957_before,True,train
MCD,7959,mcd_phase3_rc_none.h5,7959_after,True,train
MCD,7959,mcd_phase3_rc_none.h5,7959_before,True,train
MCD,7969,mcd_phase3_rc_none.h5,7969_after,True,train
MCD,7969,mcd_phase3_rc_none.h5,7969_before,True,train
MCD,7983,mcd_phase3_rc_none.h5,7983_after,True,train
MCD,7983,mcd_phase3_rc_none.h5,7983_before,True,train
MCD,7997,mcd_phase3_rc_none.h5,7997_after,True,train
MCD,7997,mcd_phase3_rc_none.h5,7997_before,True,train
MCD,8001,mcd_phase3_rc_none.h5,8001_after,True,val
MCD,8001,mcd_phase3_rc_none.h5,8001_before,True,val
MCD,8009,mcd_phase3_rc_none.h5,8009_after,True,val
MCD,8009,mcd_phase3_rc_none.h5,8009_before,True,val
MCD,8021,mcd_phase3_rc_none.h5,8021_after,True,train
MCD,8021,mcd_phase3_rc_none.h5,8021_before,True,train
MCD,8147,mcd_phase3_rc_none.h5,8147_after,True,val
MCD,8147,mcd_phase3_rc_none.h5,8147_before,True,val
MCD,8213,mcd_phase3_rc_none.h5,8213_after,True,val
MCD,8213,mcd_phase3_rc_none.h5,8213_before,True,val
MCD,8262,mcd_phase3_rc_none.h5,8262_after,True,train
MCD,8262,mcd_phase3_rc_none.h5,8262_before,True,train
MCD,8266,mcd_phase3_rc_none.h5,8266_after,True,val
MCD,8266,mcd_phase3_rc_none.h5,8266_before,True,val
MCD,8290,mcd_phase3_rc_none.h5,8290_after,True,val
MCD,8290,mcd_phase3_rc_none.h5,8290_before,True,val
MCD,8331,mcd_phase3_rc_none.h5,8331_after,True,val
MCD,8331,mcd_phase3_rc_none.h5,8331_before,True,val
MCD,8364,mcd_phase3_rc_none.h5,8364_after,True,train
MCD,8364,mcd_phase3_rc_none.h5,8364_before,True,train
MCD,8370,mcd_phase3_rc_none.h5,8370_after,True,train
MCD,8370,mcd_phase3_rc_none.h5,8370_before,True,train
MCD,8377,mcd_phase3_rc_none.h5,8377_after,True,train
MCD,8377,mcd_phase3_rc_none.h5,8377_before,True,train
MCD,8380,mcd_phase3_rc_none.h5,8380_after,True,train
MCD,8380,mcd_phase3_rc_none.h5,8380_before,True,train
MCD,8381,mcd_phase3_rc_none.h5,8381_after,True,train
MCD,8381,mcd_phase3_rc_none.h5,8381_before,True,train
MCD,8384,mcd_phase3_rc_none.h5,8384_after,True,train
MCD,8384,mcd_phase3_rc_none.h5,8384_before,True,train
MCD,8412,mcd_phase3_rc_none.h5,8412_after,True,val
MCD,8412,mcd_phase3_rc_none.h5,8412_before,True,val
MCD,8428,mcd_phase3_rc_none.h5,8428_after,True,val
MCD,8428,mcd_phase3_rc_none.h5,8428_before,True,val
MCD,8430,mcd_phase3_rc_none.h5,8430_after,True,train
MCD,8430,mcd_phase3_rc_none.h5,8430_before,True,train
MCD,8432,mcd_phase3_rc_none.h5,8432_after,True,train
MCD,8432,mcd_phase3_rc_none.h5,8432_before,True,train
MCD,8490,mcd_phase3_rc_none.h5,8490_after,True,train
MCD,8490,mcd_phase3_rc_none.h5,8490_before,True,train
MCD,8500,mcd_phase3_rc_none.h5,8500_after,True,train
MCD,8500,mcd_phase3_rc_none.h5,8500_before,True,train
MCD,8514,mcd_phase3_rc_none.h5,8514_after,True,train
MCD,8514,mcd_phase3_rc_none.h5,8514_before,True,train
MCD,8517,mcd_phase3_rc_none.h5,8517_after,True,val
MCD,8517,mcd_phase3_rc_none.h5,8517_before,True,val
MCD,8540,mcd_phase3_rc_none.h5,8540_after,True,train
MCD,8540,mcd_phase3_rc_none.h5,8540_before,True,train
MCD,8541,mcd_phase3_rc_none.h5,8541_after,True,train
MCD,8541,mcd_phase3_rc_none.h5,8541_before,True,train
MCD,8550,mcd_phase3_rc_none.h5,8550_after,True,train
MCD,8550,mcd_phase3_rc_none.h5,8550_before,True,train
MCD,8555,mcd_phase3_rc_none.h5,8555_after,True,train
MCD,8555,mcd_phase3_rc_none.h5,8555_before,True,train
MCD,8563,mcd_phase3_rc_none.h5,8563_after,True,val
MCD,8563,mcd_phase3_rc_none.h5,8563_before,True,val
MCD,8565,mcd_phase3_rc_none.h5,8565_after,True,train
MCD,8565,mcd_phase3_rc_none.h5,8565_before,True,train
MCD,8584,mcd_phase3_rc_none.h5,8584_after,True,train
MCD,8584,mcd_phase3_rc_none.h5,8584_before,True,train
MCD,8587,mcd_phase3_rc_none.h5,8587_after,False,train
MCD,8587,mcd_phase3_rc_none.h5,8587_before,True,train
MCD,8603,mcd_phase3_rc_none.h5,8603_after,True,train
MCD,8603,mcd_phase3_rc_none.h5,8603_before,True,train
MCD,8661,mcd_phase3_rc_none.h5,8661_after,True,train
MCD,8661,mcd_phase3_rc_none.h5,8661_before,True,train
MCD,8664,mcd_phase3_rc_none.h5,8664_after,True,train
MCD,8664,mcd_phase3_rc_none.h5,8664_before,True,train
MCD,8679,mcd_phase3_rc_none.h5,8679_after,True,train
MCD,8679,mcd_phase3_rc_none.h5,8679_before,True,train
MCD,8681,mcd_phase3_rc_none.h5,8681_after,True,train
MCD,8681,mcd_phase3_rc_none.h5,8681_before,True,train
MCD,8706,mcd_phase3_rc_none.h5,8706_after,True,train
MCD,8706,mcd_phase3_rc_none.h5,8706_before,True,train
MCD,8718,mcd_phase3_rc_none.h5,8718_after,True,train
MCD,8718,mcd_phase3_rc_none.h5,8718_before,True,train
MCD,8730,mcd_phase3_rc_none.h5,8730_after,True,train
MCD,8730,mcd_phase3_rc_none.h5,8730_before,True,train
MCD,8738,mcd_phase3_rc_none.h5,8738_after,True,train
MCD,8738,mcd_phase3_rc_none.h5,8738_before,True,train
MCD,8768,mcd_phase3_rc_none.h5,8768_after,True,train
MCD,8768,mcd_phase3_rc_none.h5,8768_before,True,train
MCD,8772,mcd_phase3_rc_none.h5,8772_after,True,train
MCD,8772,mcd_phase3_rc_none.h5,8772_before,True,train
MCD,8785,mcd_phase3_rc_none.h5,8785_after,True,val
MCD,8785,mcd_phase3_rc_none.h5,8785_before,True,val
MCD,8802,mcd_phase3_rc_none.h5,8802_after,True,train
MCD,8802,mcd_phase3_rc_none.h5,8802_before,True,train
MCD,8808,mcd_phase3_rc_none.h5,8808_after,True,train
MCD,8808,mcd_phase3_rc_none.h5,8808_before,True,train
MCD,8817,mcd_phase3_rc_none.h5,8817_after,True,train
MCD,8817,mcd_phase3_rc_none.h5,8817_before,True,train
MCD,8834,mcd_phase3_rc_none.h5,8834_after,True,val
MCD,8834,mcd_phase3_rc_none.h5,8834_before,True,val
MCD,8844,mcd_phase3_rc_none.h5,8844_after,True,train
MCD,8844,mcd_phase3_rc_none.h5,8844_before,True,train
MCD,8847,mcd_phase3_rc_none.h5,8847_after,True,val
MCD,8847,mcd_phase3_rc_none.h5,8847_before,True,val
MCD,8848,mcd_phase3_rc_none.h5,8848_after,True,val
MCD,8848,mcd_phase3_rc_none.h5,8848_before,True,val
MCD,8852,mcd_phase3_rc_none.h5,8852_after,True,train
MCD,8852,mcd_phase3_rc_none.h5,8852_before,True,train
MCD,8874,mcd_phase3_rc_none.h5,8874_after,True,train
MCD,8874,mcd_phase3_rc_none.h5,8874_before,True,train
MCD,8897,mcd_phase3_rc_none.h5,8897_after,True,train
MCD,8897,mcd_phase3_rc_none.h5,8897_before,True,train
MCD,8902,mcd_phase3_rc_none.h5,8902_after,True,train
MCD,8902,mcd_phase3_rc_none.h5,8902_before,True,train
MCD,9003,mcd_phase3_rc_none.h5,9003_after,True,train
MCD,9003,mcd_phase3_rc_none.h5,9003_before,True,train
MCD,9028,mcd_phase3_rc_none.h5,9028_after,True,train
MCD,9028,mcd_phase3_rc_none.h5,9028_before,True,train
MCD,9039,mcd_phase3_rc_none.h5,9039_after,True,val
MCD,9039,mcd_phase3_rc_none.h5,9039_before,True,val
MCD,9064,mcd_phase3_rc_none.h5,9064_after,True,val
MCD,9064,mcd_phase3_rc_none.h5,9064_before,True,val
MCD,9077,mcd_phase3_rc_none.h5,9077_after,True,train
MCD,9077,mcd_phase3_rc_none.h5,9077_before,True,train
MCD,9092,mcd_phase3_rc_none.h5,9092_after,True,val
MCD,9092,mcd_phase3_rc_none.h5,9092_before,True,val
MCD,9098,mcd_phase3_rc_none.h5,9098_after,True,train
MCD,9098,mcd_phase3_rc_none.h5,9098_before,True,train
MCD,9105,mcd_phase3_rc_none.h5,9105_after,True,train
MCD,9105,mcd_phase3_rc_none.h5,9105_before,True,train
MCD,9115,mcd_phase3_rc_none.h5,9115_after,True,val
MCD,9115,mcd_phase3_rc_none.h5,9115_before,True,val
MCD,9118,mcd_phase3_rc_none.h5,9118_after,True,val
MCD,9118,mcd_phase3_rc_none.h5,9118_before,True,val
MCD,9139,mcd_phase3_rc_none.h5,9139_after,True,train
MCD,9139,mcd_phase3_rc_none.h5,9139_before,True,train
MCD,9141,mcd_phase3_rc_none.h5,9141_after,True,train
MCD,9141,mcd_phase3_rc_none.h5,9141_before,True,train
MCD,9146,mcd_phase3_rc_none.h5,9146_after,True,train
MCD,9146,mcd_phase3_rc_none.h5,9146_before,True,train
MCD,9153,mcd_phase3_rc_none.h5,9153_after,True,train
MCD,9153,mcd_phase3_rc_none.h5,9153_before,True,train
MCD,9160,mcd_phase3_rc_none.h5,9160_after,True,train
MCD,9160,mcd_phase3_rc_none.h5,9160_before,True,train
MCD,9163,mcd_phase3_rc_none.h5,9163_after,True,train
MCD,9163,mcd_phase3_rc_none.h5,9163_before,True,train
MCD,9174,mcd_phase3_rc_none.h5,9174_after,True,train
MCD,9174,mcd_phase3_rc_none.h5,9174_before,True,train
MCD,9199,mcd_phase3_rc_none.h5,9199_after,True,train
MCD,9199,mcd_phase3_rc_none.h5,9199_before,True,train
MCD,9211,mcd_phase3_rc_none.h5,9211_after,True,train
MCD,9211,mcd_phase3_rc_none.h5,9211_before,True,train
MCD,9229,mcd_phase3_rc_none.h5,9229_after,True,val
MCD,9229,mcd_phase3_rc_none.h5,9229_before,True,val
MCD,9256,mcd_phase3_rc_none.h5,9256_after,True,val
MCD,9256,mcd_phase3_rc_none.h5,9256_before,True,val
MCD,9282,mcd_phase3_rc_none.h5,9282_after,True,train
MCD,9282,mcd_phase3_rc_none.h5,9282_before,True,train
MCD,9283,mcd_phase3_rc_none.h5,9283_after,True,train
MCD,9283,mcd_phase3_rc_none.h5,9283_before,True,train
MCD,9286,mcd_phase3_rc_none.h5,9286_after,True,train
MCD,9286,mcd_phase3_rc_none.h5,9286_before,True,train
MCD,9292,mcd_phase3_rc_none.h5,9292_after,True,train
MCD,9292,mcd_phase3_rc_none.h5,9292_before,True,train
MCD,9305,mcd_phase3_rc_none.h5,9305_after,True,val
MCD,9305,mcd_phase3_rc_none.h5,9305_before,True,val
MCD,9308,mcd_phase3_rc_none.h5,9308_after,True,train
MCD,9308,mcd_phase3_rc_none.h5,9308_before,True,train
MCD,9309,mcd_phase3_rc_none.h5,9309_after,True,val
MCD,9309,mcd_phase3_rc_none.h5,9309_before,True,val
MCD,9396,mcd_phase3_rc_none.h5,9396_after,True,train
MCD,9396,mcd_phase3_rc_none.h5,9396_before,True,train
MCD,9401,mcd_phase3_rc_none.h5,9401_after,True,train
MCD,9401,mcd_phase3_rc_none.h5,9401_before,True,train
MCD,9425,mcd_phase3_rc_none.h5,9425_after,True,train
MCD,9425,mcd_phase3_rc_none.h5,9425_before,True,train
MCD,9464,mcd_phase3_rc_none.h5,9464_after,True,train
MCD,9464,mcd_phase3_rc_none.h5,9464_before,True,train
MCD,9486,mcd_phase3_rc_none.h5,9486_after,True,train
MCD,9486,mcd_phase3_rc_none.h5,9486_before,True,train
MCD,9512,mcd_phase3_rc_none.h5,9512_after,True,train
MCD,9512,mcd_phase3_rc_none.h5,9512_before,True,train
MCD,9519,mcd_phase3_rc_none.h5,9519_after,True,train
MCD,9519,mcd_phase3_rc_none.h5,9519_before,True,train
MCD,9554,mcd_phase3_rc_none.h5,9554_after,True,train
MCD,9554,mcd_phase3_rc_none.h5,9554_before,True,train
MCD,9597,mcd_phase3_rc_none.h5,9597_after,True,train
MCD,9597,mcd_phase3_rc_none.h5,9597_before,True,train
MCD,9620,mcd_phase3_rc_none.h5,9620_after,True,val
MCD,9620,mcd_phase3_rc_none.h5,9620_before,True,val
MCD,9629,mcd_phase3_rc_none.h5,9629_after,True,train
MCD,9629,mcd_phase3_rc_none.h5,9629_before,True,train
MCD,9640,mcd_phase3_rc_none.h5,9640_after,True,train
MCD,9640,mcd_phase3_rc_none.h5,9640_before,True,train
MCD,9676,mcd_phase3_rc_none.h5,9676_after,True,val
MCD,9676,mcd_phase3_rc_none.h5,9676_before,True,val
MCD,9711,mcd_phase3_rc_none.h5,9711_after,True,train
MCD,9711,mcd_phase3_rc_none.h5,9711_before,True,train
MCD,9715,mcd_phase3_rc_none.h5,9715_after,True,train
MCD,9715,mcd_phase3_rc_none.h5,9715_before,True,train
MCD,9720,mcd_phase3_rc_none.h5,9720_after,True,val
MCD,9720,mcd_phase3_rc_none.h5,9720_before,True,val
MCD,9725,mcd_phase3_rc_none.h5,9725_after,True,train
MCD,9725,mcd_phase3_rc_none.h5,9725_before,True,train
MCD,9737,mcd_phase3_rc_none.h5,9737_after,True,train
MCD,9737,mcd_phase3_rc_none.h5,9737_before,True,train
MCD,9739,mcd_phase3_rc_none.h5,9739_after,True,train
MCD,9739,mcd_phase3_rc_none.h5,9739_before,True,train
MCD,9753,mcd_phase3_rc_none.h5,9753_after,True,train
MCD,9753,mcd_phase3_rc_none.h5,9753_before,True,train
MCD,9779,mcd_phase3_rc_none.h5,9779_after,True,train
MCD,9779,mcd_phase3_rc_none.h5,9779_before,True,train
MCD,9808,mcd_phase3_rc_none.h5,9808_after,True,train
MCD,9808,mcd_phase3_rc_none.h5,9808_before,True,train
MCD,9825,mcd_phase3_rc_none.h5,9825_after,True,train
MCD,9825,mcd_phase3_rc_none.h5,9825_before,True,train
MCD,9827,mcd_phase3_rc_none.h5,9827_after,True,train
MCD,9827,mcd_phase3_rc_none.h5,9827_before,True,train
MCD,9833,mcd_phase3_rc_none.h5,9833_after,True,train
MCD,9833,mcd_phase3_rc_none.h5,9833_before,True,train
MCD,9869,mcd_phase3_rc_none.h5,9869_after,True,train
MCD,9869,mcd_phase3_rc_none.h5,9869_before,True,train
MCD,9884,mcd_phase3_rc_none.h5,9884_after,True,train
MCD,9884,mcd_phase3_rc_none.h5,9884_before,True,train
MCD,9891,mcd_phase3_rc_none.h5,9891_after,True,val
MCD,9891,mcd_phase3_rc_none.h5,9891_before,True,val
MCD,9922,mcd_phase3_rc_none.h5,9922_after,True,train
MCD,9922,mcd_phase3_rc_none.h5,9922_before,True,train
MCD,9938,mcd_phase3_rc_none.h5,9938_after,True,train
MCD,9938,mcd_phase3_rc_none.h5,9938_before,True,train
MCD,9940,mcd_phase3_rc_none.h5,9940_after,True,train
MCD,9940,mcd_phase3_rc_none.h5,9940_before,True,train
MCD,9957,mcd_phase3_rc_none.h5,9957_after,True,train
MCD,9957,mcd_phase3_rc_none.h5,9957_before,True,train
MCD,9968,mcd_phase3_rc_none.h5,9968_after,True,train
MCD,9968,mcd_phase3_rc_none.h5,9968_before,True,train
MCD,9980,mcd_phase3_rc_none.h5,9980_after,True,train
MCD,9980,mcd_phase3_rc_none.h5,9980_before,True,train
MCD,9981,mcd_phase3_rc_none.h5,9981_after,True,train
MCD,9981,mcd_phase3_rc_none.h5,9981_before,True,train
MCD,9987,mcd_phase3_rc_none.h5,9987_after,True,train
MCD,9987,mcd_phase3_rc_none.h5,9987_before,True,train
MCD,9998,mcd_phase3_rc_none.h5,9998_after,True,train
MCD,9998,mcd_phase3_rc_none.h5,9998_before,False,train
PhysDrive,AFH1,physdrive_phase3_rc_none.h5,AFH1_AT,True,val
PhysDrive,AFH1,physdrive_phase3_rc_none.h5,AFH1_BS,True,val
PhysDrive,AFH1,physdrive_phase3_rc_none.h5,AFH1_BT,True,val
PhysDrive,AFH1,physdrive_phase3_rc_none.h5,AFH1_CS,True,val
PhysDrive,AFH1,physdrive_phase3_rc_none.h5,AFH1_CT,True,val
PhysDrive,AFH2,physdrive_phase3_rc_none.h5,AFH2_AS,True,train
PhysDrive,AFH2,physdrive_phase3_rc_none.h5,AFH2_AT,True,train
PhysDrive,AFH2,physdrive_phase3_rc_none.h5,AFH2_BS,True,train
PhysDrive,AFH2,physdrive_phase3_rc_none.h5,AFH2_BT,True,train
PhysDrive,AFH2,physdrive_phase3_rc_none.h5,AFH2_CS,True,train
PhysDrive,AFH2,physdrive_phase3_rc_none.h5,AFH2_CT,True,train
PhysDrive,AFW1,physdrive_phase3_rc_none.h5,AFW1_AS,True,train
PhysDrive,AFW1,physdrive_phase3_rc_none.h5,AFW1_AT,True,train
PhysDrive,AFW1,physdrive_phase3_rc_none.h5,AFW1_BS,True,train
PhysDrive,AFW1,physdrive_phase3_rc_none.h5,AFW1_BT,True,train
PhysDrive,AFW1,physdrive_phase3_rc_none.h5,AFW1_CS,True,train
PhysDrive,AFW1,physdrive_phase3_rc_none.h5,AFW1_CT,True,train
PhysDrive,AFW2,physdrive_phase3_rc_none.h5,AFW2_AS,False,none
PhysDrive,AFW2,physdrive_phase3_rc_none.h5,AFW2_AT,False,none
PhysDrive,AFW2,physdrive_phase3_rc_none.h5,AFW2_BS,False,none
PhysDrive,AFW2,physdrive_phase3_rc_none.h5,AFW2_BT,False,none
PhysDrive,AFW2,physdrive_phase3_rc_none.h5,AFW2_CS,False,none
PhysDrive,AFW2,physdrive_phase3_rc_none.h5,AFW2_CT,False,none
PhysDrive,AFY1,physdrive_phase3_rc_none.h5,AFY1_AS,True,train
PhysDrive,AFY1,physdrive_phase3_rc_none.h5,AFY1_AT,True,train
PhysDrive,AFY1,physdrive_phase3_rc_none.h5,AFY1_BS,True,train
PhysDrive,AFY1,physdrive_phase3_rc_none.h5,AFY1_BT,True,train
PhysDrive,AFY1,physdrive_phase3_rc_none.h5,AFY1_CS,True,train
PhysDrive,AFY1,physdrive_phase3_rc_none.h5,AFY1_CT,True,train
PhysDrive,AFY2,physdrive_phase3_rc_none.h5,AFY2_AS,False,none
PhysDrive,AFY2,physdrive_phase3_rc_none.h5,AFY2_AT,False,none
PhysDrive,AFY2,physdrive_phase3_rc_none.h5,AFY2_BS,False,none
PhysDrive,AFY2,physdrive_phase3_rc_none.h5,AFY2_BT,False,none
PhysDrive,AFY2,physdrive_phase3_rc_none.h5,AFY2_CS,False,none
PhysDrive,AFY2,physdrive_phase3_rc_none.h5,AFY2_CT,False,none
PhysDrive,AFZ2,physdrive_phase3_rc_none.h5,AFZ2_AS,True,train
PhysDrive,AFZ2,physdrive_phase3_rc_none.h5,AFZ2_AT,True,train
PhysDrive,AFZ2,physdrive_phase3_rc_none.h5,AFZ2_BS,True,train
PhysDrive,AFZ2,physdrive_phase3_rc_none.h5,AFZ2_BT,True,train
PhysDrive,AFZ2,physdrive_phase3_rc_none.h5,AFZ2_CS,True,train
PhysDrive,AFZ2,physdrive_phase3_rc_none.h5,AFZ2_CT,True,train
PhysDrive,AFZ3,physdrive_phase3_rc_none.h5,AFZ3_AS,True,train
PhysDrive,AFZ3,physdrive_phase3_rc_none.h5,AFZ3_AT,True,train
PhysDrive,AFZ3,physdrive_phase3_rc_none.h5,AFZ3_BS,True,train
PhysDrive,AFZ3,physdrive_phase3_rc_none.h5,AFZ3_BT,True,train
PhysDrive,AFZ3,physdrive_phase3_rc_none.h5,AFZ3_CS,True,train
PhysDrive,AFZ3,physdrive_phase3_rc_none.h5,AFZ3_CT,True,train
PhysDrive,AMH1,physdrive_phase3_rc_none.h5,AMH1_AS,True,train
PhysDrive,AMH1,physdrive_phase3_rc_none.h5,AMH1_AT,True,train
PhysDrive,AMH1,physdrive_phase3_rc_none.h5,AMH1_BS,True,train
PhysDrive,AMH1,physdrive_phase3_rc_none.h5,AMH1_BT,True,train
PhysDrive,AMH1,physdrive_phase3_rc_none.h5,AMH1_CS,True,train
PhysDrive,AMH1,physdrive_phase3_rc_none.h5,AMH1_CT,True,train
PhysDrive,AMH2,physdrive_phase3_rc_none.h5,AMH2_BS,True,val
PhysDrive,AMH2,physdrive_phase3_rc_none.h5,AMH2_BT,True,val
PhysDrive,AMH2,physdrive_phase3_rc_none.h5,AMH2_CT,True,val
PhysDrive,AMW3,physdrive_phase3_rc_none.h5,AMW3_AS,True,val
PhysDrive,AMW3,physdrive_phase3_rc_none.h5,AMW3_AT,True,val
PhysDrive,AMW3,physdrive_phase3_rc_none.h5,AMW3_BS,True,val
PhysDrive,AMW3,physdrive_phase3_rc_none.h5,AMW3_BT,True,val
PhysDrive,AMW3,physdrive_phase3_rc_none.h5,AMW3_CS,True,val
PhysDrive,AMW3,physdrive_phase3_rc_none.h5,AMW3_CT,True,val
PhysDrive,AMW4,physdrive_phase3_rc_none.h5,AMW4_AS,True,val
PhysDrive,AMW4,physdrive_phase3_rc_none.h5,AMW4_AT,True,val
PhysDrive,AMW4,physdrive_phase3_rc_none.h5,AMW4_BS,True,val
PhysDrive,AMW4,physdrive_phase3_rc_none.h5,AMW4_BT,True,val
PhysDrive,AMW4,physdrive_phase3_rc_none.h5,AMW4_CS,True,val
PhysDrive,AMW4,physdrive_phase3_rc_none.h5,AMW4_CT,True,val
PhysDrive,AMY1,physdrive_phase3_rc_none.h5,AMY1_AS,True,train
PhysDrive,AMY1,physdrive_phase3_rc_none.h5,AMY1_AT,True,train
PhysDrive,AMY1,physdrive_phase3_rc_none.h5,AMY1_BS,True,train
PhysDrive,AMY1,physdrive_phase3_rc_none.h5,AMY1_BT,True,train
PhysDrive,AMY1,physdrive_phase3_rc_none.h5,AMY1_CS,True,train
PhysDrive,AMY1,physdrive_phase3_rc_none.h5,AMY1_CT,True,train
PhysDrive,AMY3,physdrive_phase3_rc_none.h5,AMY3_AS,True,train
PhysDrive,AMY3,physdrive_phase3_rc_none.h5,AMY3_AT,True,train
PhysDrive,AMY3,physdrive_phase3_rc_none.h5,AMY3_BS,True,train
PhysDrive,AMY3,physdrive_phase3_rc_none.h5,AMY3_BT,True,train
PhysDrive,AMY3,physdrive_phase3_rc_none.h5,AMY3_CS,True,train
PhysDrive,AMY3,physdrive_phase3_rc_none.h5,AMY3_CT,True,train
PhysDrive,AMZ3,physdrive_phase3_rc_none.h5,AMZ3_AS,True,train
PhysDrive,AMZ3,physdrive_phase3_rc_none.h5,AMZ3_AT,True,train
PhysDrive,AMZ3,physdrive_phase3_rc_none.h5,AMZ3_BS,True,train
PhysDrive,AMZ3,physdrive_phase3_rc_none.h5,AMZ3_BT,True,train
PhysDrive,AMZ3,physdrive_phase3_rc_none.h5,AMZ3_CS,True,train
PhysDrive,AMZ3,physdrive_phase3_rc_none.h5,AMZ3_CT,True,train
PhysDrive,AMZ4,physdrive_phase3_rc_none.h5,AMZ4_AS,True,train
PhysDrive,AMZ4,physdrive_phase3_rc_none.h5,AMZ4_AT,True,train
PhysDrive,AMZ4,physdrive_phase3_rc_none.h5,AMZ4_BS,True,train
PhysDrive,AMZ4,physdrive_phase3_rc_none.h5,AMZ4_BT,True,train
PhysDrive,AMZ4,physdrive_phase3_rc_none.h5,AMZ4_CS,True,train
PhysDrive,AMZ4,physdrive_phase3_rc_none.h5,AMZ4_CT,True,train
PhysDrive,BFH1,physdrive_phase3_rc_none.h5,BFH1_AS,True,train
PhysDrive,BFH1,physdrive_phase3_rc_none.h5,BFH1_AT,True,train
PhysDrive,BFH1,physdrive_phase3_rc_none.h5,BFH1_BS,True,train
PhysDrive,BFH1,physdrive_phase3_rc_none.h5,BFH1_BT,True,train
PhysDrive,BFH1,physdrive_phase3_rc_none.h5,BFH1_CS,True,train
PhysDrive,BFH1,physdrive_phase3_rc_none.h5,BFH1_CT,True,train
PhysDrive,BFH2,physdrive_phase3_rc_none.h5,BFH2_AS,True,val
PhysDrive,BFH2,physdrive_phase3_rc_none.h5,BFH2_AT,True,val
PhysDrive,BFH2,physdrive_phase3_rc_none.h5,BFH2_BS,True,val
PhysDrive,BFH2,physdrive_phase3_rc_none.h5,BFH2_BT,True,val
PhysDrive,BFH2,physdrive_phase3_rc_none.h5,BFH2_CS,True,val
PhysDrive,BFH2,physdrive_phase3_rc_none.h5,BFH2_CT,True,val
PhysDrive,BFW1,physdrive_phase3_rc_none.h5,BFW1_AS,True,val
PhysDrive,BFW1,physdrive_phase3_rc_none.h5,BFW1_AT,True,val
PhysDrive,BFW1,physdrive_phase3_rc_none.h5,BFW1_BS,True,val
PhysDrive,BFW1,physdrive_phase3_rc_none.h5,BFW1_BT,True,val
PhysDrive,BFW1,physdrive_phase3_rc_none.h5,BFW1_CS,True,val
PhysDrive,BFW1,physdrive_phase3_rc_none.h5,BFW1_CT,True,val
PhysDrive,BFW2,physdrive_phase3_rc_none.h5,BFW2_AS,True,train
PhysDrive,BFW2,physdrive_phase3_rc_none.h5,BFW2_AT,True,train
PhysDrive,BFW2,physdrive_phase3_rc_none.h5,BFW2_BS,True,train
PhysDrive,BFW2,physdrive_phase3_rc_none.h5,BFW2_BT,True,train
PhysDrive,BFW2,physdrive_phase3_rc_none.h5,BFW2_CS,True,train
PhysDrive,BFW2,physdrive_phase3_rc_none.h5,BFW2_CT,True,train
PhysDrive,BFY1,physdrive_phase3_rc_none.h5,BFY1_AS,True,train
PhysDrive,BFY1,physdrive_phase3_rc_none.h5,BFY1_AT,True,train
PhysDrive,BFY1,physdrive_phase3_rc_none.h5,BFY1_BS,True,train
PhysDrive,BFY1,physdrive_phase3_rc_none.h5,BFY1_BT,True,train
PhysDrive,BFY1,physdrive_phase3_rc_none.h5,BFY1_CS,True,train
PhysDrive,BFY1,physdrive_phase3_rc_none.h5,BFY1_CT,True,train
PhysDrive,BFY2,physdrive_phase3_rc_none.h5,BFY2_AS,True,val
PhysDrive,BFY2,physdrive_phase3_rc_none.h5,BFY2_AT,True,val
PhysDrive,BFY2,physdrive_phase3_rc_none.h5,BFY2_BS,True,val
PhysDrive,BFY2,physdrive_phase3_rc_none.h5,BFY2_BT,True,val
PhysDrive,BFY2,physdrive_phase3_rc_none.h5,BFY2_CS,True,val
PhysDrive,BFY2,physdrive_phase3_rc_none.h5,BFY2_CT,True,val
PhysDrive,BFZ3,physdrive_phase3_rc_none.h5,BFZ3_AS,True,train
PhysDrive,BFZ3,physdrive_phase3_rc_none.h5,BFZ3_AT,True,train
PhysDrive,BFZ3,physdrive_phase3_rc_none.h5,BFZ3_BS,True,train
PhysDrive,BFZ3,physdrive_phase3_rc_none.h5,BFZ3_BT,True,train
PhysDrive,BFZ3,physdrive_phase3_rc_none.h5,BFZ3_CS,True,train
PhysDrive,BFZ3,physdrive_phase3_rc_none.h5,BFZ3_CT,True,train
PhysDrive,BFZ4,physdrive_phase3_rc_none.h5,BFZ4_AS,True,train
PhysDrive,BFZ4,physdrive_phase3_rc_none.h5,BFZ4_AT,True,train
PhysDrive,BFZ4,physdrive_phase3_rc_none.h5,BFZ4_BS,True,train
PhysDrive,BFZ4,physdrive_phase3_rc_none.h5,BFZ4_BT,True,train
PhysDrive,BFZ4,physdrive_phase3_rc_none.h5,BFZ4_CS,True,train
PhysDrive,BFZ4,physdrive_phase3_rc_none.h5,BFZ4_CT,True,train
PhysDrive,BMH1,physdrive_phase3_rc_none.h5,BMH1_AS,True,val
PhysDrive,BMH1,physdrive_phase3_rc_none.h5,BMH1_AT,True,val
PhysDrive,BMH1,physdrive_phase3_rc_none.h5,BMH1_BS,True,val
PhysDrive,BMH1,physdrive_phase3_rc_none.h5,BMH1_BT,True,val
PhysDrive,BMH1,physdrive_phase3_rc_none.h5,BMH1_CS,True,val
PhysDrive,BMH1,physdrive_phase3_rc_none.h5,BMH1_CT,True,val
PhysDrive,BMH2,physdrive_phase3_rc_none.h5,BMH2_AS,True,train
PhysDrive,BMH2,physdrive_phase3_rc_none.h5,BMH2_AT,True,train
PhysDrive,BMH2,physdrive_phase3_rc_none.h5,BMH2_BS,True,train
PhysDrive,BMH2,physdrive_phase3_rc_none.h5,BMH2_BT,True,train
PhysDrive,BMH2,physdrive_phase3_rc_none.h5,BMH2_CS,True,train
PhysDrive,BMH2,physdrive_phase3_rc_none.h5,BMH2_CT,True,train
PhysDrive,BMW1,physdrive_phase3_rc_none.h5,BMW1_AS,True,train
PhysDrive,BMW1,physdrive_phase3_rc_none.h5,BMW1_AT,True,train
PhysDrive,BMW1,physdrive_phase3_rc_none.h5,BMW1_BS,True,train
PhysDrive,BMW1,physdrive_phase3_rc_none.h5,BMW1_BT,True,train
PhysDrive,BMW1,physdrive_phase3_rc_none.h5,BMW1_CS,True,train
PhysDrive,BMW1,physdrive_phase3_rc_none.h5,BMW1_CT,True,train
PhysDrive,BMW2,physdrive_phase3_rc_none.h5,BMW2_AS,True,train
PhysDrive,BMW2,physdrive_phase3_rc_none.h5,BMW2_AT,True,train
PhysDrive,BMW2,physdrive_phase3_rc_none.h5,BMW2_BS,True,train
PhysDrive,BMW2,physdrive_phase3_rc_none.h5,BMW2_BT,True,train
PhysDrive,BMW2,physdrive_phase3_rc_none.h5,BMW2_CS,True,train
PhysDrive,BMW2,physdrive_phase3_rc_none.h5,BMW2_CT,True,train
PhysDrive,BMY1,physdrive_phase3_rc_none.h5,BMY1_AS,True,val
PhysDrive,BMY1,physdrive_phase3_rc_none.h5,BMY1_AT,True,val
PhysDrive,BMY1,physdrive_phase3_rc_none.h5,BMY1_BS,True,val
PhysDrive,BMY1,physdrive_phase3_rc_none.h5,BMY1_BT,True,val
PhysDrive,BMY1,physdrive_phase3_rc_none.h5,BMY1_CS,True,val
PhysDrive,BMY1,physdrive_phase3_rc_none.h5,BMY1_CT,True,val
PhysDrive,BMY2,physdrive_phase3_rc_none.h5,BMY2_AS,True,train
PhysDrive,BMY2,physdrive_phase3_rc_none.h5,BMY2_AT,True,train
PhysDrive,BMY2,physdrive_phase3_rc_none.h5,BMY2_BS,True,train
PhysDrive,BMY2,physdrive_phase3_rc_none.h5,BMY2_BT,True,train
PhysDrive,BMY2,physdrive_phase3_rc_none.h5,BMY2_CS,True,train
PhysDrive,BMY2,physdrive_phase3_rc_none.h5,BMY2_CT,True,train
PhysDrive,BMZ1,physdrive_phase3_rc_none.h5,BMZ1_AS,True,train
PhysDrive,BMZ1,physdrive_phase3_rc_none.h5,BMZ1_AT,True,train
PhysDrive,BMZ1,physdrive_phase3_rc_none.h5,BMZ1_BS,True,train
PhysDrive,BMZ1,physdrive_phase3_rc_none.h5,BMZ1_BT,True,train
PhysDrive,BMZ1,physdrive_phase3_rc_none.h5,BMZ1_CS,True,train
PhysDrive,BMZ1,physdrive_phase3_rc_none.h5,BMZ1_CT,True,train
PhysDrive,BMZ2,physdrive_phase3_rc_none.h5,BMZ2_AS,True,val
PhysDrive,BMZ2,physdrive_phase3_rc_none.h5,BMZ2_AT,True,val
PhysDrive,BMZ2,physdrive_phase3_rc_none.h5,BMZ2_BS,False,val
PhysDrive,BMZ2,physdrive_phase3_rc_none.h5,BMZ2_BT,True,val
PhysDrive,BMZ2,physdrive_phase3_rc_none.h5,BMZ2_CS,True,val
PhysDrive,CFH1,physdrive_phase3_rc_none.h5,CFH1_AS,True,train
PhysDrive,CFH1,physdrive_phase3_rc_none.h5,CFH1_AT,True,train
PhysDrive,CFH1,physdrive_phase3_rc_none.h5,CFH1_BS,True,train
PhysDrive,CFH1,physdrive_phase3_rc_none.h5,CFH1_BT,True,train
PhysDrive,CFH1,physdrive_phase3_rc_none.h5,CFH1_CS,True,train
PhysDrive,CFH1,physdrive_phase3_rc_none.h5,CFH1_CT,True,train
PhysDrive,CFH2,physdrive_phase3_rc_none.h5,CFH2_AS,True,val
PhysDrive,CFH2,physdrive_phase3_rc_none.h5,CFH2_AT,True,val
PhysDrive,CFH2,physdrive_phase3_rc_none.h5,CFH2_BS,True,val
PhysDrive,CFH2,physdrive_phase3_rc_none.h5,CFH2_BT,True,val
PhysDrive,CFH2,physdrive_phase3_rc_none.h5,CFH2_CS,True,val
PhysDrive,CFH2,physdrive_phase3_rc_none.h5,CFH2_CT,True,val
PhysDrive,CFW1,physdrive_phase3_rc_none.h5,CFW1_AS,True,train
PhysDrive,CFW1,physdrive_phase3_rc_none.h5,CFW1_AT,True,train
PhysDrive,CFW1,physdrive_phase3_rc_none.h5,CFW1_BS,True,train
PhysDrive,CFW1,physdrive_phase3_rc_none.h5,CFW1_BT,True,train
PhysDrive,CFW1,physdrive_phase3_rc_none.h5,CFW1_CS,True,train
PhysDrive,CFW1,physdrive_phase3_rc_none.h5,CFW1_CT,True,train
PhysDrive,CFW2,physdrive_phase3_rc_none.h5,CFW2_AS,True,train
PhysDrive,CFW2,physdrive_phase3_rc_none.h5,CFW2_AT,True,train
PhysDrive,CFW2,physdrive_phase3_rc_none.h5,CFW2_BS,True,train
PhysDrive,CFW2,physdrive_phase3_rc_none.h5,CFW2_BT,True,train
PhysDrive,CFW2,physdrive_phase3_rc_none.h5,CFW2_CS,True,train
PhysDrive,CFW2,physdrive_phase3_rc_none.h5,CFW2_CT,True,train
PhysDrive,CFY1,physdrive_phase3_rc_none.h5,CFY1_AS,True,train
PhysDrive,CFY1,physdrive_phase3_rc_none.h5,CFY1_AT,True,train
PhysDrive,CFY1,physdrive_phase3_rc_none.h5,CFY1_BS,True,train
PhysDrive,CFY1,physdrive_phase3_rc_none.h5,CFY1_BT,True,train
PhysDrive,CFY1,physdrive_phase3_rc_none.h5,CFY1_CS,True,train
PhysDrive,CFY1,physdrive_phase3_rc_none.h5,CFY1_CT,True,train
PhysDrive,CFY2,physdrive_phase3_rc_none.h5,CFY2_AS,False,val
PhysDrive,CFY2,physdrive_phase3_rc_none.h5,CFY2_AT,False,val
PhysDrive,CFY2,physdrive_phase3_rc_none.h5,CFY2_BS,True,val
PhysDrive,CFY2,physdrive_phase3_rc_none.h5,CFY2_BT,False,val
PhysDrive,CFY2,physdrive_phase3_rc_none.h5,CFY2_CS,False,val
PhysDrive,CFY2,physdrive_phase3_rc_none.h5,CFY2_CT,True,val
PhysDrive,CFZ1,physdrive_phase3_rc_none.h5,CFZ1_AS,True,train
PhysDrive,CFZ1,physdrive_phase3_rc_none.h5,CFZ1_AT,True,train
PhysDrive,CFZ1,physdrive_phase3_rc_none.h5,CFZ1_BS,True,train
PhysDrive,CFZ1,physdrive_phase3_rc_none.h5,CFZ1_BT,True,train
PhysDrive,CFZ1,physdrive_phase3_rc_none.h5,CFZ1_CS,True,train
PhysDrive,CFZ1,physdrive_phase3_rc_none.h5,CFZ1_CT,True,train
PhysDrive,CFZ2,physdrive_phase3_rc_none.h5,CFZ2_AS,True,train
PhysDrive,CFZ2,physdrive_phase3_rc_none.h5,CFZ2_AT,True,train
PhysDrive,CFZ2,physdrive_phase3_rc_none.h5,CFZ2_BS,True,train
PhysDrive,CFZ2,physdrive_phase3_rc_none.h5,CFZ2_BT,True,train
PhysDrive,CFZ2,physdrive_phase3_rc_none.h5,CFZ2_CS,True,train
PhysDrive,CFZ2,physdrive_phase3_rc_none.h5,CFZ2_CT,True,train
PhysDrive,CMH1,physdrive_phase3_rc_none.h5,CMH1_AS,True,train
PhysDrive,CMH1,physdrive_phase3_rc_none.h5,CMH1_AT,True,train
PhysDrive,CMH1,physdrive_phase3_rc_none.h5,CMH1_BS,True,train
PhysDrive,CMH1,physdrive_phase3_rc_none.h5,CMH1_BT,True,train
PhysDrive,CMH1,physdrive_phase3_rc_none.h5,CMH1_CS,True,train
PhysDrive,CMH1,physdrive_phase3_rc_none.h5,CMH1_CT,True,train
PhysDrive,CMH2,physdrive_phase3_rc_none.h5,CMH2_AS,True,train
PhysDrive,CMH2,physdrive_phase3_rc_none.h5,CMH2_AT,True,train
PhysDrive,CMH2,physdrive_phase3_rc_none.h5,CMH2_BS,True,train
PhysDrive,CMH2,physdrive_phase3_rc_none.h5,CMH2_BT,True,train
PhysDrive,CMH2,physdrive_phase3_rc_none.h5,CMH2_CS,True,train
PhysDrive,CMH2,physdrive_phase3_rc_none.h5,CMH2_CT,True,train
PhysDrive,CMW1,physdrive_phase3_rc_none.h5,CMW1_AS,True,train
PhysDrive,CMW1,physdrive_phase3_rc_none.h5,CMW1_AT,True,train
PhysDrive,CMW1,physdrive_phase3_rc_none.h5,CMW1_BS,True,train
PhysDrive,CMW1,physdrive_phase3_rc_none.h5,CMW1_BT,True,train
PhysDrive,CMW1,physdrive_phase3_rc_none.h5,CMW1_CS,True,train
PhysDrive,CMW1,physdrive_phase3_rc_none.h5,CMW1_CT,True,train
PhysDrive,CMW2,physdrive_phase3_rc_none.h5,CMW2_AS,True,train
PhysDrive,CMW2,physdrive_phase3_rc_none.h5,CMW2_AT,True,train
PhysDrive,CMW2,physdrive_phase3_rc_none.h5,CMW2_BS,True,train
PhysDrive,CMW2,physdrive_phase3_rc_none.h5,CMW2_BT,True,train
PhysDrive,CMW2,physdrive_phase3_rc_none.h5,CMW2_CS,True,train
PhysDrive,CMW2,physdrive_phase3_rc_none.h5,CMW2_CT,True,train
PhysDrive,CMY1,physdrive_phase3_rc_none.h5,CMY1_AS,True,val
PhysDrive,CMY1,physdrive_phase3_rc_none.h5,CMY1_AT,True,val
PhysDrive,CMY1,physdrive_phase3_rc_none.h5,CMY1_BS,True,val
PhysDrive,CMY1,physdrive_phase3_rc_none.h5,CMY1_BT,True,val
PhysDrive,CMY1,physdrive_phase3_rc_none.h5,CMY1_CS,True,val
PhysDrive,CMY1,physdrive_phase3_rc_none.h5,CMY1_CT,True,val
PhysDrive,CMY2,physdrive_phase3_rc_none.h5,CMY2_AS,True,train
PhysDrive,CMY2,physdrive_phase3_rc_none.h5,CMY2_AT,True,train
PhysDrive,CMY2,physdrive_phase3_rc_none.h5,CMY2_BS,True,train
PhysDrive,CMY2,physdrive_phase3_rc_none.h5,CMY2_BT,True,train
PhysDrive,CMY2,physdrive_phase3_rc_none.h5,CMY2_CS,True,train
PhysDrive,CMY2,physdrive_phase3_rc_none.h5,CMY2_CT,True,train
PhysDrive,CMZ1,physdrive_phase3_rc_none.h5,CMZ1_AS,True,train
PhysDrive,CMZ1,physdrive_phase3_rc_none.h5,CMZ1_AT,True,train
PhysDrive,CMZ1,physdrive_phase3_rc_none.h5,CMZ1_BS,True,train
PhysDrive,CMZ1,physdrive_phase3_rc_none.h5,CMZ1_BT,True,train
PhysDrive,CMZ1,physdrive_phase3_rc_none.h5,CMZ1_CS,True,train
PhysDrive,CMZ1,physdrive_phase3_rc_none.h5,CMZ1_CT,True,train
PhysDrive,CMZ2,physdrive_phase3_rc_none.h5,CMZ2_AS,True,train
PhysDrive,CMZ2,physdrive_phase3_rc_none.h5,CMZ2_AT,True,train
PhysDrive,CMZ2,physdrive_phase3_rc_none.h5,CMZ2_BS,True,train
PhysDrive,CMZ2,physdrive_phase3_rc_none.h5,CMZ2_BT,True,train
PhysDrive,CMZ2,physdrive_phase3_rc_none.h5,CMZ2_CS,True,train
PhysDrive,CMZ2,physdrive_phase3_rc_none.h5,CMZ2_CT,True,train
UBFC-rPPG,1,ubfc_rppg_phase3_rc_none.h5,subject1,True,val
UBFC-rPPG,10,ubfc_rppg_phase3_rc_none.h5,subject10,True,train
UBFC-rPPG,11,ubfc_rppg_phase3_rc_none.h5,subject11,True,train
UBFC-rPPG,12,ubfc_rppg_phase3_rc_none.h5,subject12,True,train
UBFC-rPPG,13,ubfc_rppg_phase3_rc_none.h5,subject13,True,train
UBFC-rPPG,14,ubfc_rppg_phase3_rc_none.h5,subject14,True,train
UBFC-rPPG,15,ubfc_rppg_phase3_rc_none.h5,subject15,True,train
UBFC-rPPG,16,ubfc_rppg_phase3_rc_none.h5,subject16,True,train
UBFC-rPPG,17,ubfc_rppg_phase3_rc_none.h5,subject17,True,train
UBFC-rPPG,18,ubfc_rppg_phase3_rc_none.h5,subject18,True,train
UBFC-rPPG,20,ubfc_rppg_phase3_rc_none.h5,subject20,True,train
UBFC-rPPG,22,ubfc_rppg_phase3_rc_none.h5,subject22,True,train
UBFC-rPPG,23,ubfc_rppg_phase3_rc_none.h5,subject23,True,val
UBFC-rPPG,24,ubfc_rppg_phase3_rc_none.h5,subject24,True,val
UBFC-rPPG,25,ubfc_rppg_phase3_rc_none.h5,subject25,True,val
UBFC-rPPG,26,ubfc_rppg_phase3_rc_none.h5,subject26,True,train
UBFC-rPPG,27,ubfc_rppg_phase3_rc_none.h5,subject27,True,train
UBFC-rPPG,3,ubfc_rppg_phase3_rc_none.h5,subject3,True,train
UBFC-rPPG,30,ubfc_rppg_phase3_rc_none.h5,subject30,True,train
UBFC-rPPG,31,ubfc_rppg_phase3_rc_none.h5,subject31,True,train
UBFC-rPPG,32,ubfc_rppg_phase3_rc_none.h5,subject32,True,train
UBFC-rPPG,33,ubfc_rppg_phase3_rc_none.h5,subject33,True,train
UBFC-rPPG,34,ubfc_rppg_phase3_rc_none.h5,subject34,True,train
UBFC-rPPG,35,ubfc_rppg_phase3_rc_none.h5,subject35,True,train
UBFC-rPPG,36,ubfc_rppg_phase3_rc_none.h5,subject36,True,val
UBFC-rPPG,37,ubfc_rppg_phase3_rc_none.h5,subject37,True,train
UBFC-rPPG,38,ubfc_rppg_phase3_rc_none.h5,subject38,True,train
UBFC-rPPG,39,ubfc_rppg_phase3_rc_none.h5,subject39,True,train
UBFC-rPPG,4,ubfc_rppg_phase3_rc_none.h5,subject4,True,train
UBFC-rPPG,40,ubfc_rppg_phase3_rc_none.h5,subject40,True,train
UBFC-rPPG,41,ubfc_rppg_phase3_rc_none.h5,subject41,True,train
UBFC-rPPG,42,ubfc_rppg_phase3_rc_none.h5,subject42,True,train
UBFC-rPPG,43,ubfc_rppg_phase3_rc_none.h5,subject43,True,train
UBFC-rPPG,44,ubfc_rppg_phase3_rc_none.h5,subject44,True,val
UBFC-rPPG,45,ubfc_rppg_phase3_rc_none.h5,subject45,True,train
UBFC-rPPG,46,ubfc_rppg_phase3_rc_none.h5,subject46,True,val
UBFC-rPPG,47,ubfc_rppg_phase3_rc_none.h5,subject47,True,train
UBFC-rPPG,48,ubfc_rppg_phase3_rc_none.h5,subject48,True,train
UBFC-rPPG,49,ubfc_rppg_phase3_rc_none.h5,subject49,True,train
UBFC-rPPG,5,ubfc_rppg_phase3_rc_none.h5,subject5,True,train
UBFC-rPPG,8,ubfc_rppg_phase3_rc_none.h5,subject8,True,train
UBFC-rPPG,9,ubfc_rppg_phase3_rc_none.h5,subject9,True,train
VitalVideos-WW,01d8e9a045324c078970b530c1e4e924,vitalvideos_phase3_rc_none.h5,01d8e9a045324c078970b530c1e4e924,True,train
VitalVideos-WW,0216c80cb7e8496b8756e4159a79201a,vitalvideos_phase3_rc_none.h5,0216c80cb7e8496b8756e4159a79201a,True,train
VitalVideos-WW,03443e465e1c4a3fa0dc4b34bf21caf1,vitalvideos_phase3_rc_none.h5,03443e465e1c4a3fa0dc4b34bf21caf1,True,train
VitalVideos-WW,046e64ac7b284ef88e859f77b3370764,vitalvideos_phase3_rc_none.h5,046e64ac7b284ef88e859f77b3370764,True,train
VitalVideos-WW,04dd2594c9eb4cd596fd577b574ea1d9,vitalvideos_phase3_rc_none.h5,04dd2594c9eb4cd596fd577b574ea1d9,True,train
VitalVideos-WW,091c53d170bc418db259f7f68beb753c,vitalvideos_phase3_rc_none.h5,091c53d170bc418db259f7f68beb753c,True,train
VitalVideos-WW,0963f27050374a48bc2fdd76803be70f,vitalvideos_phase3_rc_none.h5,0963f27050374a48bc2fdd76803be70f,True,train
VitalVideos-WW,099a7d49d68d41c7b46547db01328127,vitalvideos_phase3_rc_none.h5,099a7d49d68d41c7b46547db01328127,True,val
VitalVideos-WW,09eeac505d7042e79b60f9466e7d3e63,vitalvideos_phase3_rc_none.h5,09eeac505d7042e79b60f9466e7d3e63,True,val
VitalVideos-WW,0ab681d240fd46cfa3c65a3ff0731a25,vitalvideos_phase3_rc_none.h5,0ab681d240fd46cfa3c65a3ff0731a25,True,val
VitalVideos-WW,0c191227900e4daeab19441d03638574,vitalvideos_phase3_rc_none.h5,0c191227900e4daeab19441d03638574,True,train
VitalVideos-WW,0c524b4bd8804c83be379826f45f87a4,vitalvideos_phase3_rc_none.h5,0c524b4bd8804c83be379826f45f87a4,True,train
VitalVideos-WW,0dc918323b014a779fd3f84badde4e91,vitalvideos_phase3_rc_none.h5,0dc918323b014a779fd3f84badde4e91,True,val
VitalVideos-WW,0f1bf857e23a43a6ae8e9d97874951c9,vitalvideos_phase3_rc_none.h5,0f1bf857e23a43a6ae8e9d97874951c9,True,train
VitalVideos-WW,10c24cee6f644a5bbe8c61813ecc162b,vitalvideos_phase3_rc_none.h5,10c24cee6f644a5bbe8c61813ecc162b,True,train
VitalVideos-WW,10e71085269646ad93af97f459753aa5,vitalvideos_phase3_rc_none.h5,10e71085269646ad93af97f459753aa5,True,train
VitalVideos-WW,12b57fe275ab417d9b240e94084d5867,vitalvideos_phase3_rc_none.h5,12b57fe275ab417d9b240e94084d5867,True,train
VitalVideos-WW,1320fa10a9344de1976505941faf3758,vitalvideos_phase3_rc_none.h5,1320fa10a9344de1976505941faf3758,True,train
VitalVideos-WW,14626f721d874bf6be6b86843b35f973,vitalvideos_phase3_rc_none.h5,14626f721d874bf6be6b86843b35f973,True,train
VitalVideos-WW,17239ec2f67f418a8d77cb134c70a84b,vitalvideos_phase3_rc_none.h5,17239ec2f67f418a8d77cb134c70a84b,True,train
VitalVideos-WW,17b643400b684f099c2918aacd682e96,vitalvideos_phase3_rc_none.h5,17b643400b684f099c2918aacd682e96,True,train
VitalVideos-WW,19276f2c5f604ee2aee883ba6bd74bf0,vitalvideos_phase3_rc_none.h5,19276f2c5f604ee2aee883ba6bd74bf0,True,train
VitalVideos-WW,1ab22305e7d645ecaeced28c6e2f4e63,vitalvideos_phase3_rc_none.h5,1ab22305e7d645ecaeced28c6e2f4e63,True,train
VitalVideos-WW,1adb66cd9f1843c8b4a5fdea799108b0,vitalvideos_phase3_rc_none.h5,1adb66cd9f1843c8b4a5fdea799108b0,True,train
VitalVideos-WW,1af9909507524013beb0e6bf028ee55d,vitalvideos_phase3_rc_none.h5,1af9909507524013beb0e6bf028ee55d,True,val
VitalVideos-WW,1bb88b463bfc4996972ab47fd5969abb,vitalvideos_phase3_rc_none.h5,1bb88b463bfc4996972ab47fd5969abb,True,val
VitalVideos-WW,1f3ef7922c7448f0be5990f1802e8f3e,vitalvideos_phase3_rc_none.h5,1f3ef7922c7448f0be5990f1802e8f3e,True,train
VitalVideos-WW,1f74a153270c4097a42be324e364e0e4,vitalvideos_phase3_rc_none.h5,1f74a153270c4097a42be324e364e0e4,True,val
VitalVideos-WW,1fc705d48b694379813d2b1f4238f5d9,vitalvideos_phase3_rc_none.h5,1fc705d48b694379813d2b1f4238f5d9,True,train
VitalVideos-WW,21e7642fa6444cdaa4169d9df2c2827d,vitalvideos_phase3_rc_none.h5,21e7642fa6444cdaa4169d9df2c2827d,True,train
VitalVideos-WW,22e09d7c883f461b9d533ffaed4559c6,vitalvideos_phase3_rc_none.h5,22e09d7c883f461b9d533ffaed4559c6,True,train
VitalVideos-WW,24e4101b2b204ae2a96585e271151baa,vitalvideos_phase3_rc_none.h5,24e4101b2b204ae2a96585e271151baa,True,train
VitalVideos-WW,25595b3340dd439793fd0b6c37e98e92,vitalvideos_phase3_rc_none.h5,25595b3340dd439793fd0b6c37e98e92,True,train
VitalVideos-WW,25a540192b704ec797e3bec04baaffe3,vitalvideos_phase3_rc_none.h5,25a540192b704ec797e3bec04baaffe3,True,train
VitalVideos-WW,265f65b0897b4e299e510d507f4bb4fa,vitalvideos_phase3_rc_none.h5,265f65b0897b4e299e510d507f4bb4fa,True,train
VitalVideos-WW,27af638584c84805b6cee39da419c468,vitalvideos_phase3_rc_none.h5,27af638584c84805b6cee39da419c468,True,val
VitalVideos-WW,285cf395161f474d8b4384d8445c27c1,vitalvideos_phase3_rc_none.h5,285cf395161f474d8b4384d8445c27c1,True,val
VitalVideos-WW,292a0f04830347f796105ada3b92fe83,vitalvideos_phase3_rc_none.h5,292a0f04830347f796105ada3b92fe83,True,train
VitalVideos-WW,29ddffacae9d41acb374beeb87c5ac61,vitalvideos_phase3_rc_none.h5,29ddffacae9d41acb374beeb87c5ac61,True,train
VitalVideos-WW,2bba0bd0765141dda07430f338bb6fde,vitalvideos_phase3_rc_none.h5,2bba0bd0765141dda07430f338bb6fde,True,train
VitalVideos-WW,2c1236b1929447b696c224dbe14559b6,vitalvideos_phase3_rc_none.h5,2c1236b1929447b696c224dbe14559b6,True,train
VitalVideos-WW,2dc478a51028432091781023d77f1b31,vitalvideos_phase3_rc_none.h5,2dc478a51028432091781023d77f1b31,True,train
VitalVideos-WW,2ee1b51cb94f4ace853a8f14c927e198,vitalvideos_phase3_rc_none.h5,2ee1b51cb94f4ace853a8f14c927e198,True,train
VitalVideos-WW,2ffca8a697a84ed99e99c12d2872a89a,vitalvideos_phase3_rc_none.h5,2ffca8a697a84ed99e99c12d2872a89a,True,train
VitalVideos-WW,305e4de2155b4ecc97e69589d260767d,vitalvideos_phase3_rc_none.h5,305e4de2155b4ecc97e69589d260767d,True,train
VitalVideos-WW,307ed164161e4192b11f33656366621d,vitalvideos_phase3_rc_none.h5,307ed164161e4192b11f33656366621d,True,train
VitalVideos-WW,3364d7817f6f4dc38fcfe0fe0bec613b,vitalvideos_phase3_rc_none.h5,3364d7817f6f4dc38fcfe0fe0bec613b,True,train
VitalVideos-WW,343c93f2ac4640bcbf49829fb6a2d019,vitalvideos_phase3_rc_none.h5,343c93f2ac4640bcbf49829fb6a2d019,True,train
VitalVideos-WW,36492b61b6824d2ba3e51ec75c9f50d2,vitalvideos_phase3_rc_none.h5,36492b61b6824d2ba3e51ec75c9f50d2,True,train
VitalVideos-WW,36c68d7a1a6c4d8baf6c62bdfda28163,vitalvideos_phase3_rc_none.h5,36c68d7a1a6c4d8baf6c62bdfda28163,True,val
VitalVideos-WW,386cb716007047278313dabbb803747f,vitalvideos_phase3_rc_none.h5,386cb716007047278313dabbb803747f,True,train
VitalVideos-WW,3a984624685740faab11a6d922bedc00,vitalvideos_phase3_rc_none.h5,3a984624685740faab11a6d922bedc00,True,train
VitalVideos-WW,3b0fddd9a2b145a097d054f04d719361,vitalvideos_phase3_rc_none.h5,3b0fddd9a2b145a097d054f04d719361,True,train
VitalVideos-WW,3f5a86e870844f7a8de071bed6c65b3b,vitalvideos_phase3_rc_none.h5,3f5a86e870844f7a8de071bed6c65b3b,True,train
VitalVideos-WW,40e7fea4581c493d8c98d2e3d1db7365,vitalvideos_phase3_rc_none.h5,40e7fea4581c493d8c98d2e3d1db7365,True,train
VitalVideos-WW,43013ee2d6b041f58a39b22defa333cb,vitalvideos_phase3_rc_none.h5,43013ee2d6b041f58a39b22defa333cb,True,train
VitalVideos-WW,443b8350052f49edae003da555d170c1,vitalvideos_phase3_rc_none.h5,443b8350052f49edae003da555d170c1,True,train
VitalVideos-WW,45c99b0a76ad4d96b05f7e73d46275b3,vitalvideos_phase3_rc_none.h5,45c99b0a76ad4d96b05f7e73d46275b3,True,train
VitalVideos-WW,46b49393b1d84f288a79139980ecb53d,vitalvideos_phase3_rc_none.h5,46b49393b1d84f288a79139980ecb53d,True,val
VitalVideos-WW,4a1f69d79b504b03acc6667e8952ce95,vitalvideos_phase3_rc_none.h5,4a1f69d79b504b03acc6667e8952ce95,True,train
VitalVideos-WW,4b4c7374a6a84537b39b5ba782448551,vitalvideos_phase3_rc_none.h5,4b4c7374a6a84537b39b5ba782448551,True,train
VitalVideos-WW,4c8e0921893348708b46ba823d680f5c,vitalvideos_phase3_rc_none.h5,4c8e0921893348708b46ba823d680f5c,True,train
VitalVideos-WW,4cfee68f438e48c18e51c960890fd7fa,vitalvideos_phase3_rc_none.h5,4cfee68f438e48c18e51c960890fd7fa,True,val
VitalVideos-WW,4f4ad7e5f88e47e589f0c200b4172c68,vitalvideos_phase3_rc_none.h5,4f4ad7e5f88e47e589f0c200b4172c68,True,train
VitalVideos-WW,4f76357aa986479197fdfce01be74010,vitalvideos_phase3_rc_none.h5,4f76357aa986479197fdfce01be74010,True,train
VitalVideos-WW,508bf1138ab4496aac4eb4a2753f5927,vitalvideos_phase3_rc_none.h5,508bf1138ab4496aac4eb4a2753f5927,True,train
VitalVideos-WW,521493c4ad294033a9e73c6bdd7f2267,vitalvideos_phase3_rc_none.h5,521493c4ad294033a9e73c6bdd7f2267,True,train
VitalVideos-WW,52366a9342b547f6a73370ac5c938391,vitalvideos_phase3_rc_none.h5,52366a9342b547f6a73370ac5c938391,True,train
VitalVideos-WW,52b3a9fc6d344dfab877df0d41853a69,vitalvideos_phase3_rc_none.h5,52b3a9fc6d344dfab877df0d41853a69,True,train
VitalVideos-WW,53850b4c0ea841ee9a81e898ad17d057,vitalvideos_phase3_rc_none.h5,53850b4c0ea841ee9a81e898ad17d057,True,train
VitalVideos-WW,5479b03ec19345eb87b4cf164a2c1931,vitalvideos_phase3_rc_none.h5,5479b03ec19345eb87b4cf164a2c1931,True,val
VitalVideos-WW,55f2a465487141f3ad75a3138f716a9e,vitalvideos_phase3_rc_none.h5,55f2a465487141f3ad75a3138f716a9e,True,train
VitalVideos-WW,5676fa9ea366402990a07177517d5f8a,vitalvideos_phase3_rc_none.h5,5676fa9ea366402990a07177517d5f8a,True,train
VitalVideos-WW,57aedc2e0ae54d8b90f59756370db48e,vitalvideos_phase3_rc_none.h5,57aedc2e0ae54d8b90f59756370db48e,True,train
VitalVideos-WW,57e25178a724499fb4f7d591ca2bb507,vitalvideos_phase3_rc_none.h5,57e25178a724499fb4f7d591ca2bb507,True,train
VitalVideos-WW,59aad81b89014396be7d8a8bc2673d6c,vitalvideos_phase3_rc_none.h5,59aad81b89014396be7d8a8bc2673d6c,True,train
VitalVideos-WW,5a8930fbf0d64986982cf285ae7f178b,vitalvideos_phase3_rc_none.h5,5a8930fbf0d64986982cf285ae7f178b,True,val
VitalVideos-WW,5cc5480e611d4a49ab4abc6eac5a5380,vitalvideos_phase3_rc_none.h5,5cc5480e611d4a49ab4abc6eac5a5380,True,val
VitalVideos-WW,5d913fbe5b2a437497cc5cea0b6076ff,vitalvideos_phase3_rc_none.h5,5d913fbe5b2a437497cc5cea0b6076ff,True,train
VitalVideos-WW,5dbe6b0ea57747d28b1e45a41df2e88e,vitalvideos_phase3_rc_none.h5,5dbe6b0ea57747d28b1e45a41df2e88e,True,train
VitalVideos-WW,5edae78fa818432681fe47121f915fb5,vitalvideos_phase3_rc_none.h5,5edae78fa818432681fe47121f915fb5,True,train
VitalVideos-WW,5f260ccff79d47368ab2d257d2c3b860,vitalvideos_phase3_rc_none.h5,5f260ccff79d47368ab2d257d2c3b860,True,val
VitalVideos-WW,5f69b4736cb34e5d890b187c9a019731,vitalvideos_phase3_rc_none.h5,5f69b4736cb34e5d890b187c9a019731,True,train
VitalVideos-WW,640a176d4d724975ad890ffb8c5753eb,vitalvideos_phase3_rc_none.h5,640a176d4d724975ad890ffb8c5753eb,True,train
VitalVideos-WW,64b4d385dda242198ae2b2baedfc4b2d,vitalvideos_phase3_rc_none.h5,64b4d385dda242198ae2b2baedfc4b2d,True,train
VitalVideos-WW,64c59c96ed30466ca3e4a1f6a30e4498,vitalvideos_phase3_rc_none.h5,64c59c96ed30466ca3e4a1f6a30e4498,True,train
VitalVideos-WW,6708a63072dc401492cc38fbd0f50d6c,vitalvideos_phase3_rc_none.h5,6708a63072dc401492cc38fbd0f50d6c,True,train
VitalVideos-WW,6a9b72c3f8b34c4181050ae1cb75d28b,vitalvideos_phase3_rc_none.h5,6a9b72c3f8b34c4181050ae1cb75d28b,True,train
VitalVideos-WW,6c8342a2f5034698ab1c3f5c1a4e501f,vitalvideos_phase3_rc_none.h5,6c8342a2f5034698ab1c3f5c1a4e501f,True,train
VitalVideos-WW,6f1c78bcd51641f6840533eb94451abb,vitalvideos_phase3_rc_none.h5,6f1c78bcd51641f6840533eb94451abb,True,train
VitalVideos-WW,70612f6a88cc4ccfb3df5bcfada87d52,vitalvideos_phase3_rc_none.h5,70612f6a88cc4ccfb3df5bcfada87d52,True,train
VitalVideos-WW,7080b3e577ef4dd99f29417cff2ca213,vitalvideos_phase3_rc_none.h5,7080b3e577ef4dd99f29417cff2ca213,True,train
VitalVideos-WW,7114242e5f37478c97b6291e1594d212,vitalvideos_phase3_rc_none.h5,7114242e5f37478c97b6291e1594d212,True,train
VitalVideos-WW,713b79a424fe4ee6a7370e3fd94a850f,vitalvideos_phase3_rc_none.h5,713b79a424fe4ee6a7370e3fd94a850f,True,train
VitalVideos-WW,748ecd392c6e463ea8fef4cbed1bc55a,vitalvideos_phase3_rc_none.h5,748ecd392c6e463ea8fef4cbed1bc55a,True,train
VitalVideos-WW,74dc1f2aeff44d73a807287fa3f3966d,vitalvideos_phase3_rc_none.h5,74dc1f2aeff44d73a807287fa3f3966d,True,train
VitalVideos-WW,7518eeee382f429483c98c577fc58aa3,vitalvideos_phase3_rc_none.h5,7518eeee382f429483c98c577fc58aa3,True,train
VitalVideos-WW,752bd562202a4a16985cf648e7948a4e,vitalvideos_phase3_rc_none.h5,752bd562202a4a16985cf648e7948a4e,True,train
VitalVideos-WW,758dc28f0fe34f26bcb42b1653248968,vitalvideos_phase3_rc_none.h5,758dc28f0fe34f26bcb42b1653248968,True,train
VitalVideos-WW,75e11dcba0544a36b8e777d48adb2a7e,vitalvideos_phase3_rc_none.h5,75e11dcba0544a36b8e777d48adb2a7e,True,train
VitalVideos-WW,779febf2f0a1473fb3051a7eeeb544db,vitalvideos_phase3_rc_none.h5,779febf2f0a1473fb3051a7eeeb544db,True,train
VitalVideos-WW,7937d7f2efa040caa8bc03dac3d6c649,vitalvideos_phase3_rc_none.h5,7937d7f2efa040caa8bc03dac3d6c649,True,train
VitalVideos-WW,7bb7053a99644f8e99e0efdb0df0c36b,vitalvideos_phase3_rc_none.h5,7bb7053a99644f8e99e0efdb0df0c36b,True,val
VitalVideos-WW,7cf52b2a6d144218a25796580fe81ba2,vitalvideos_phase3_rc_none.h5,7cf52b2a6d144218a25796580fe81ba2,True,train
VitalVideos-WW,7d99daff67b04d32a007ecfa3c951f12,vitalvideos_phase3_rc_none.h5,7d99daff67b04d32a007ecfa3c951f12,True,train
VitalVideos-WW,7dd3937d5ff74c82883425fdc6e119e7,vitalvideos_phase3_rc_none.h5,7dd3937d5ff74c82883425fdc6e119e7,True,train
VitalVideos-WW,8267f41f3ff04aa6b9daafd80b97377e,vitalvideos_phase3_rc_none.h5,8267f41f3ff04aa6b9daafd80b97377e,True,train
VitalVideos-WW,841bf1e1830a41feb8a7b9e4391c8001,vitalvideos_phase3_rc_none.h5,841bf1e1830a41feb8a7b9e4391c8001,True,train
VitalVideos-WW,844b217df44646e6874478dee111c47d,vitalvideos_phase3_rc_none.h5,844b217df44646e6874478dee111c47d,True,train
VitalVideos-WW,87b00a4282684a73989048d17b09998c,vitalvideos_phase3_rc_none.h5,87b00a4282684a73989048d17b09998c,True,train
VitalVideos-WW,88387ada05ee4e9790e5180104fb16f5,vitalvideos_phase3_rc_none.h5,88387ada05ee4e9790e5180104fb16f5,True,train
VitalVideos-WW,887034fa29514503ae59ac8e1fb1d12f,vitalvideos_phase3_rc_none.h5,887034fa29514503ae59ac8e1fb1d12f,True,train
VitalVideos-WW,8948c01a6b404f9ab462a8f576dc39b4,vitalvideos_phase3_rc_none.h5,8948c01a6b404f9ab462a8f576dc39b4,True,train
VitalVideos-WW,894d5d79128548bc817c6f339937b8e8,vitalvideos_phase3_rc_none.h5,894d5d79128548bc817c6f339937b8e8,True,train
VitalVideos-WW,8a4d2c63a0834bafa48cf381cf2944de,vitalvideos_phase3_rc_none.h5,8a4d2c63a0834bafa48cf381cf2944de,True,train
VitalVideos-WW,8bde9446f0a04b278ff7e703ccda967f,vitalvideos_phase3_rc_none.h5,8bde9446f0a04b278ff7e703ccda967f,True,val
VitalVideos-WW,8c16b1a3b81f46a28c355ccd35eafe60,vitalvideos_phase3_rc_none.h5,8c16b1a3b81f46a28c355ccd35eafe60,True,train
VitalVideos-WW,8e9febe3b80548098591d6078f82f911,vitalvideos_phase3_rc_none.h5,8e9febe3b80548098591d6078f82f911,True,train
VitalVideos-WW,91525b5bb6ba426bb102dc6ec0603896,vitalvideos_phase3_rc_none.h5,91525b5bb6ba426bb102dc6ec0603896,True,val
VitalVideos-WW,9283fdfe77aa44518d02d76f7a947923,vitalvideos_phase3_rc_none.h5,9283fdfe77aa44518d02d76f7a947923,True,train
VitalVideos-WW,92e8ce43e90f413890bccd16d9a98505,vitalvideos_phase3_rc_none.h5,92e8ce43e90f413890bccd16d9a98505,True,train
VitalVideos-WW,936826bf46da4b009902814d36f4b133,vitalvideos_phase3_rc_none.h5,936826bf46da4b009902814d36f4b133,True,train
VitalVideos-WW,94ddbeb5e0054e24ba94001d6a40d659,vitalvideos_phase3_rc_none.h5,94ddbeb5e0054e24ba94001d6a40d659,True,train
VitalVideos-WW,9666069212c4423b99204b420689d0e4,vitalvideos_phase3_rc_none.h5,9666069212c4423b99204b420689d0e4,True,train
VitalVideos-WW,973d1d1e398f4ab6b97f3dc7c8db0433,vitalvideos_phase3_rc_none.h5,973d1d1e398f4ab6b97f3dc7c8db0433,True,train
VitalVideos-WW,97926adbd9394ae3a312066da97c544e,vitalvideos_phase3_rc_none.h5,97926adbd9394ae3a312066da97c544e,True,train
VitalVideos-WW,97bf2b2c068a4189b50c89107b53ff78,vitalvideos_phase3_rc_none.h5,97bf2b2c068a4189b50c89107b53ff78,True,train
VitalVideos-WW,97c2a06882ec47febf3a3d5e0d49c61b,vitalvideos_phase3_rc_none.h5,97c2a06882ec47febf3a3d5e0d49c61b,True,val
VitalVideos-WW,97e3674acf724852a8422c2fb2327e1f,vitalvideos_phase3_rc_none.h5,97e3674acf724852a8422c2fb2327e1f,True,train
VitalVideos-WW,97f3a44516f742e3b54a4bfccba385b1,vitalvideos_phase3_rc_none.h5,97f3a44516f742e3b54a4bfccba385b1,True,train
VitalVideos-WW,9863fba1787c4473ad28987a0e28dea3,vitalvideos_phase3_rc_none.h5,9863fba1787c4473ad28987a0e28dea3,True,train
VitalVideos-WW,9bd99a6eec374294a029545ac8ddd857,vitalvideos_phase3_rc_none.h5,9bd99a6eec374294a029545ac8ddd857,True,train
VitalVideos-WW,9cbe714142d04032af0a529d54afe2a0,vitalvideos_phase3_rc_none.h5,9cbe714142d04032af0a529d54afe2a0,True,train
VitalVideos-WW,9d4a862e9f3242839fdab56569481bc2,vitalvideos_phase3_rc_none.h5,9d4a862e9f3242839fdab56569481bc2,True,val
VitalVideos-WW,9edf905c8854486a88935f74ea471933,vitalvideos_phase3_rc_none.h5,9edf905c8854486a88935f74ea471933,True,val
VitalVideos-WW,9faf62d34bb84bd48ba77c54a9d2267a,vitalvideos_phase3_rc_none.h5,9faf62d34bb84bd48ba77c54a9d2267a,True,train
VitalVideos-WW,a05afbdad1814fb9b395690cb9c028eb,vitalvideos_phase3_rc_none.h5,a05afbdad1814fb9b395690cb9c028eb,True,train
VitalVideos-WW,a22c3fc58d244c80918f6b06e714973f,vitalvideos_phase3_rc_none.h5,a22c3fc58d244c80918f6b06e714973f,True,train
VitalVideos-WW,ac6cea2eff654b8782b39ac0ce44e3fe,vitalvideos_phase3_rc_none.h5,ac6cea2eff654b8782b39ac0ce44e3fe,True,train
VitalVideos-WW,ae651789abc44b1ea9a2439626333c94,vitalvideos_phase3_rc_none.h5,ae651789abc44b1ea9a2439626333c94,True,train
VitalVideos-WW,ae67a1fd92d24433a51bafccba10c467,vitalvideos_phase3_rc_none.h5,ae67a1fd92d24433a51bafccba10c467,True,train
VitalVideos-WW,ae83325b5d944d91a6a85363f8cd1619,vitalvideos_phase3_rc_none.h5,ae83325b5d944d91a6a85363f8cd1619,True,train
VitalVideos-WW,af08dd132e2d4943af9595549594e172,vitalvideos_phase3_rc_none.h5,af08dd132e2d4943af9595549594e172,True,val
VitalVideos-WW,b112bbe6955241d9a83e3417efa9846a,vitalvideos_phase3_rc_none.h5,b112bbe6955241d9a83e3417efa9846a,True,train
VitalVideos-WW,b2ec9f36e4b84ebbb30954c237582ffc,vitalvideos_phase3_rc_none.h5,b2ec9f36e4b84ebbb30954c237582ffc,True,train
VitalVideos-WW,b3a4d5c4ddfd4a66ad93c21e88ad4198,vitalvideos_phase3_rc_none.h5,b3a4d5c4ddfd4a66ad93c21e88ad4198,True,train
VitalVideos-WW,b3f86eb889024a81ba71db3adb46749e,vitalvideos_phase3_rc_none.h5,b3f86eb889024a81ba71db3adb46749e,True,train
VitalVideos-WW,b3fe2c7a8cdd4dc7b657b4b82d2adc86,vitalvideos_phase3_rc_none.h5,b3fe2c7a8cdd4dc7b657b4b82d2adc86,True,val
VitalVideos-WW,b44657d791854c15b05569a390f530a0,vitalvideos_phase3_rc_none.h5,b44657d791854c15b05569a390f530a0,True,val
VitalVideos-WW,b6d50b6f776e407eabf33ea619ca22e6,vitalvideos_phase3_rc_none.h5,b6d50b6f776e407eabf33ea619ca22e6,True,train
VitalVideos-WW,b7dc9a1c81ea4303bfee399476750561,vitalvideos_phase3_rc_none.h5,b7dc9a1c81ea4303bfee399476750561,True,train
VitalVideos-WW,b890ed1e90b5478590c9774064475274,vitalvideos_phase3_rc_none.h5,b890ed1e90b5478590c9774064475274,True,val
VitalVideos-WW,bc7506acefaf48c1adc4056e6a1ecb63,vitalvideos_phase3_rc_none.h5,bc7506acefaf48c1adc4056e6a1ecb63,True,train
VitalVideos-WW,bcb411c992334b3ab3d04e52f7f9bd59,vitalvideos_phase3_rc_none.h5,bcb411c992334b3ab3d04e52f7f9bd59,True,train
VitalVideos-WW,bef4b91f6f0443b68c8f3cf3f37ab333,vitalvideos_phase3_rc_none.h5,bef4b91f6f0443b68c8f3cf3f37ab333,True,train
VitalVideos-WW,bf065d60a06942279a04b38c9403bf54,vitalvideos_phase3_rc_none.h5,bf065d60a06942279a04b38c9403bf54,True,val
VitalVideos-WW,c005165bdd254e24abc8fd53605b06fb,vitalvideos_phase3_rc_none.h5,c005165bdd254e24abc8fd53605b06fb,True,train
VitalVideos-WW,c2ae6bd4e53a488b8d880c37cad25718,vitalvideos_phase3_rc_none.h5,c2ae6bd4e53a488b8d880c37cad25718,True,train
VitalVideos-WW,c342b539b90e45e69ef57b334ac668ac,vitalvideos_phase3_rc_none.h5,c342b539b90e45e69ef57b334ac668ac,True,train
VitalVideos-WW,c3729a412dc64d2999d4d89490826642,vitalvideos_phase3_rc_none.h5,c3729a412dc64d2999d4d89490826642,True,train
VitalVideos-WW,c474646ed7a24daf84d16e0da5116e48,vitalvideos_phase3_rc_none.h5,c474646ed7a24daf84d16e0da5116e48,True,val
VitalVideos-WW,c4d6df20b6424c46a54fff47166bc1a5,vitalvideos_phase3_rc_none.h5,c4d6df20b6424c46a54fff47166bc1a5,True,val
VitalVideos-WW,c73b319a03bc467bbe88f512d2f8137d,vitalvideos_phase3_rc_none.h5,c73b319a03bc467bbe88f512d2f8137d,True,val
VitalVideos-WW,c744da3083d843b1a259d4e6eaeed454,vitalvideos_phase3_rc_none.h5,c744da3083d843b1a259d4e6eaeed454,True,train
VitalVideos-WW,c8e3b665d809404598a970bec7cf603b,vitalvideos_phase3_rc_none.h5,c8e3b665d809404598a970bec7cf603b,True,train
VitalVideos-WW,c8efd4f6e3324133a6d1caf7fae9a838,vitalvideos_phase3_rc_none.h5,c8efd4f6e3324133a6d1caf7fae9a838,True,val
VitalVideos-WW,c900c694e40a4e45bed1800afb309501,vitalvideos_phase3_rc_none.h5,c900c694e40a4e45bed1800afb309501,True,train
VitalVideos-WW,c9e842581fed4165a359e6dd33d65462,vitalvideos_phase3_rc_none.h5,c9e842581fed4165a359e6dd33d65462,True,train
VitalVideos-WW,c9ed33f0a46348e8a03415b5fc117f7c,vitalvideos_phase3_rc_none.h5,c9ed33f0a46348e8a03415b5fc117f7c,True,train
VitalVideos-WW,ca111be8b02a4c5a84f2efd5d0846cef,vitalvideos_phase3_rc_none.h5,ca111be8b02a4c5a84f2efd5d0846cef,True,train
VitalVideos-WW,ca27050fd44f44279f808a7c2f447e4e,vitalvideos_phase3_rc_none.h5,ca27050fd44f44279f808a7c2f447e4e,True,train
VitalVideos-WW,ca4523c23f4a42129a661af653ea52b7,vitalvideos_phase3_rc_none.h5,ca4523c23f4a42129a661af653ea52b7,True,train
VitalVideos-WW,ca6b5566244b4ff6bb88ece47ac4f0be,vitalvideos_phase3_rc_none.h5,ca6b5566244b4ff6bb88ece47ac4f0be,True,train
VitalVideos-WW,ca950d84deb841129b2296c2dbb6ff9b,vitalvideos_phase3_rc_none.h5,ca950d84deb841129b2296c2dbb6ff9b,True,train
VitalVideos-WW,cac2a62471f648bbb65b4f4dd8dfb560,vitalvideos_phase3_rc_none.h5,cac2a62471f648bbb65b4f4dd8dfb560,True,val
VitalVideos-WW,cae1efd2518a4bedb1c7b5400359ffb8,vitalvideos_phase3_rc_none.h5,cae1efd2518a4bedb1c7b5400359ffb8,True,train
VitalVideos-WW,cb366cf4c8e7443e80a1f095ed5c1f55,vitalvideos_phase3_rc_none.h5,cb366cf4c8e7443e80a1f095ed5c1f55,True,train
VitalVideos-WW,cbb24c3d9bf441ada6f946e0f0132d5f,vitalvideos_phase3_rc_none.h5,cbb24c3d9bf441ada6f946e0f0132d5f,True,train
VitalVideos-WW,cc064aee913349d1a5cdcb4e489581e7,vitalvideos_phase3_rc_none.h5,cc064aee913349d1a5cdcb4e489581e7,True,train
VitalVideos-WW,cc5174d5c6d1421583dcec845149e7a2,vitalvideos_phase3_rc_none.h5,cc5174d5c6d1421583dcec845149e7a2,True,train
VitalVideos-WW,cc7f84a1ec694723a52834b31faf7d04,vitalvideos_phase3_rc_none.h5,cc7f84a1ec694723a52834b31faf7d04,True,val
VitalVideos-WW,ccbb5ab159df45349fc97060c9b756e1,vitalvideos_phase3_rc_none.h5,ccbb5ab159df45349fc97060c9b756e1,True,train
VitalVideos-WW,ccf833394c2344f0811f7a6e4044aa08,vitalvideos_phase3_rc_none.h5,ccf833394c2344f0811f7a6e4044aa08,True,train
VitalVideos-WW,cd80e7a73c9841c39a5651bc7d48fa58,vitalvideos_phase3_rc_none.h5,cd80e7a73c9841c39a5651bc7d48fa58,True,train
VitalVideos-WW,ce0b4a52b7754ea89c69716f97597c48,vitalvideos_phase3_rc_none.h5,ce0b4a52b7754ea89c69716f97597c48,True,val
VitalVideos-WW,ce568493a744477f829dc361b6b03680,vitalvideos_phase3_rc_none.h5,ce568493a744477f829dc361b6b03680,True,train
VitalVideos-WW,ce664c8f5d0a40bab68c40ce33955c2a,vitalvideos_phase3_rc_none.h5,ce664c8f5d0a40bab68c40ce33955c2a,True,val
VitalVideos-WW,ce9cd72dbfde49389c0ff89561d906a3,vitalvideos_phase3_rc_none.h5,ce9cd72dbfde49389c0ff89561d906a3,True,train
VitalVideos-WW,cf01ece5d95b4bf3b9f133f4adb22d6a,vitalvideos_phase3_rc_none.h5,cf01ece5d95b4bf3b9f133f4adb22d6a,True,train
VitalVideos-WW,cf9daa96be9c47dcafe3d7a980467e95,vitalvideos_phase3_rc_none.h5,cf9daa96be9c47dcafe3d7a980467e95,True,val
VitalVideos-WW,cfcdc9715d2b455bb4f1c5f12ad9d0ed,vitalvideos_phase3_rc_none.h5,cfcdc9715d2b455bb4f1c5f12ad9d0ed,True,train
VitalVideos-WW,d0522df1841c4a2e9a382e1cb9858a9e,vitalvideos_phase3_rc_none.h5,d0522df1841c4a2e9a382e1cb9858a9e,True,train
VitalVideos-WW,d112c38f27324b338508de990c1ed57c,vitalvideos_phase3_rc_none.h5,d112c38f27324b338508de990c1ed57c,True,val
VitalVideos-WW,d13ee28a2a634fb89986bd74f5687cea,vitalvideos_phase3_rc_none.h5,d13ee28a2a634fb89986bd74f5687cea,True,train
VitalVideos-WW,d144ac2035c24bf58cd4bae2074adb14,vitalvideos_phase3_rc_none.h5,d144ac2035c24bf58cd4bae2074adb14,True,train
VitalVideos-WW,d15b3986873440b68fd331e4dbb915f5,vitalvideos_phase3_rc_none.h5,d15b3986873440b68fd331e4dbb915f5,True,train
VitalVideos-WW,d19312711595459287ecf8cf7f447bbe,vitalvideos_phase3_rc_none.h5,d19312711595459287ecf8cf7f447bbe,True,train
VitalVideos-WW,d196ba9d45114dca95cc99d0f06ce869,vitalvideos_phase3_rc_none.h5,d196ba9d45114dca95cc99d0f06ce869,True,train
VitalVideos-WW,d1e89bdf13e44c9f9639829abc120bf5,vitalvideos_phase3_rc_none.h5,d1e89bdf13e44c9f9639829abc120bf5,True,val
VitalVideos-WW,d2a7260a64524849b1169784654bec66,vitalvideos_phase3_rc_none.h5,d2a7260a64524849b1169784654bec66,True,train
VitalVideos-WW,d2b19751d2ea4689817e96f4b6544bbb,vitalvideos_phase3_rc_none.h5,d2b19751d2ea4689817e96f4b6544bbb,True,val
VitalVideos-WW,d36b3fdb3cc545a7ae8171dc72048ed3,vitalvideos_phase3_rc_none.h5,d36b3fdb3cc545a7ae8171dc72048ed3,True,train
VitalVideos-WW,d370b9cae222437e91ca35943ee929da,vitalvideos_phase3_rc_none.h5,d370b9cae222437e91ca35943ee929da,True,train
VitalVideos-WW,d3f7af09e103481cb2604b46aab90a24,vitalvideos_phase3_rc_none.h5,d3f7af09e103481cb2604b46aab90a24,True,train
VitalVideos-WW,d460c0c5bf34480bb03765d975d06ab7,vitalvideos_phase3_rc_none.h5,d460c0c5bf34480bb03765d975d06ab7,True,val
VitalVideos-WW,d4847f8a599342bb9ac9f6716f0aafe5,vitalvideos_phase3_rc_none.h5,d4847f8a599342bb9ac9f6716f0aafe5,True,train
VitalVideos-WW,d4c8ad3a55a042feaa7858a84a7dcc56,vitalvideos_phase3_rc_none.h5,d4c8ad3a55a042feaa7858a84a7dcc56,True,val
VitalVideos-WW,d500b98614d04db08831256ae0602246,vitalvideos_phase3_rc_none.h5,d500b98614d04db08831256ae0602246,True,val
VitalVideos-WW,d5c89b92c04a4988b61c43e1247a7b8e,vitalvideos_phase3_rc_none.h5,d5c89b92c04a4988b61c43e1247a7b8e,True,val
VitalVideos-WW,d6442902ad334256ad66671a528f4d76,vitalvideos_phase3_rc_none.h5,d6442902ad334256ad66671a528f4d76,True,train
VitalVideos-WW,d7571cd3cd3c41168af9565538aea988,vitalvideos_phase3_rc_none.h5,d7571cd3cd3c41168af9565538aea988,True,train
VitalVideos-WW,d76fb6b504cb4e828068803482e5104e,vitalvideos_phase3_rc_none.h5,d76fb6b504cb4e828068803482e5104e,True,val
VitalVideos-WW,d789522164084e6bbc52d3c28de915b5,vitalvideos_phase3_rc_none.h5,d789522164084e6bbc52d3c28de915b5,True,train
VitalVideos-WW,d7b2345c601b45b895fda018a63f8e1d,vitalvideos_phase3_rc_none.h5,d7b2345c601b45b895fda018a63f8e1d,True,train
VitalVideos-WW,d86945fa5820419d90318e61e4d129b0,vitalvideos_phase3_rc_none.h5,d86945fa5820419d90318e61e4d129b0,True,val
VitalVideos-WW,d93d1e00d9b8442bb79f9786441ed3df,vitalvideos_phase3_rc_none.h5,d93d1e00d9b8442bb79f9786441ed3df,True,val
VitalVideos-WW,d97b1853046a49af990e04db1857131e,vitalvideos_phase3_rc_none.h5,d97b1853046a49af990e04db1857131e,True,train
VitalVideos-WW,d9f9312c449d47ce95b1511f1eb75a31,vitalvideos_phase3_rc_none.h5,d9f9312c449d47ce95b1511f1eb75a31,True,val
VitalVideos-WW,da54e12db0074f4eabefc5324288dfa7,vitalvideos_phase3_rc_none.h5,da54e12db0074f4eabefc5324288dfa7,True,train
VitalVideos-WW,dad971c22b5942c9b075e66e775c2edb,vitalvideos_phase3_rc_none.h5,dad971c22b5942c9b075e66e775c2edb,True,train
VitalVideos-WW,db0fec1a8e9b437aa4b7b62340e9b5c3,vitalvideos_phase3_rc_none.h5,db0fec1a8e9b437aa4b7b62340e9b5c3,True,train
VitalVideos-WW,db683f2a47354f03bb802ef1ace24441,vitalvideos_phase3_rc_none.h5,db683f2a47354f03bb802ef1ace24441,True,train
VitalVideos-WW,dbe2ab227af146e0b4bcd25875a0fbf6,vitalvideos_phase3_rc_none.h5,dbe2ab227af146e0b4bcd25875a0fbf6,True,train
VitalVideos-WW,dc59c97256b0406abf998f3eb422e1e5,vitalvideos_phase3_rc_none.h5,dc59c97256b0406abf998f3eb422e1e5,True,train
VitalVideos-WW,de0e14674255440aba992b2d2e6073cb,vitalvideos_phase3_rc_none.h5,de0e14674255440aba992b2d2e6073cb,True,train
VitalVideos-WW,dfd2785e66324c1181c57bd253556a92,vitalvideos_phase3_rc_none.h5,dfd2785e66324c1181c57bd253556a92,True,train
VitalVideos-WW,dfd2d6ca5d324a859f0bbf2bbdef7ae1,vitalvideos_phase3_rc_none.h5,dfd2d6ca5d324a859f0bbf2bbdef7ae1,True,train
VitalVideos-WW,e06fc0a2ee4b445e90ba365de6f93aa3,vitalvideos_phase3_rc_none.h5,e06fc0a2ee4b445e90ba365de6f93aa3,True,val
VitalVideos-WW,e078c9fee11c4bd2bba87cfbb078e2a7,vitalvideos_phase3_rc_none.h5,e078c9fee11c4bd2bba87cfbb078e2a7,True,val
VitalVideos-WW,e0ea059f4d6345b2bb93a041d6a414e1,vitalvideos_phase3_rc_none.h5,e0ea059f4d6345b2bb93a041d6a414e1,True,train
VitalVideos-WW,e1c7a186f54748438502499faf12339e,vitalvideos_phase3_rc_none.h5,e1c7a186f54748438502499faf12339e,True,train
VitalVideos-WW,e1d0f94453d546c498c9ac1e39036cf3,vitalvideos_phase3_rc_none.h5,e1d0f94453d546c498c9ac1e39036cf3,True,val
VitalVideos-WW,e1d47360013040a2b761c5146206408c,vitalvideos_phase3_rc_none.h5,e1d47360013040a2b761c5146206408c,True,train
VitalVideos-WW,e24c6830e5d045c9b4ef392a06eb5dad,vitalvideos_phase3_rc_none.h5,e24c6830e5d045c9b4ef392a06eb5dad,True,train
VitalVideos-WW,e28e42fe2e124a1a87f18eb04c000381,vitalvideos_phase3_rc_none.h5,e28e42fe2e124a1a87f18eb04c000381,True,val
VitalVideos-WW,e2cd33efb7d0455d916d6b37e4f5398d,vitalvideos_phase3_rc_none.h5,e2cd33efb7d0455d916d6b37e4f5398d,True,train
VitalVideos-WW,e2d025d0afe8465abc80e1929a4e6ebb,vitalvideos_phase3_rc_none.h5,e2d025d0afe8465abc80e1929a4e6ebb,True,train
VitalVideos-WW,e2e5790dd7774bf3a6a09f4472c30adb,vitalvideos_phase3_rc_none.h5,e2e5790dd7774bf3a6a09f4472c30adb,True,train
VitalVideos-WW,e3f819720bc04493aec20c4e092996ea,vitalvideos_phase3_rc_none.h5,e3f819720bc04493aec20c4e092996ea,True,train
VitalVideos-WW,e402ca812ac440ab83f768a4b87b6582,vitalvideos_phase3_rc_none.h5,e402ca812ac440ab83f768a4b87b6582,True,train
VitalVideos-WW,e42020799c194c3ca44b1fd495b154d2,vitalvideos_phase3_rc_none.h5,e42020799c194c3ca44b1fd495b154d2,True,train
VitalVideos-WW,e678de6c14e44643ab9532a61ee1df2f,vitalvideos_phase3_rc_none.h5,e678de6c14e44643ab9532a61ee1df2f,True,train
VitalVideos-WW,e6a39019a3984949a52b983051d932d1,vitalvideos_phase3_rc_none.h5,e6a39019a3984949a52b983051d932d1,True,val
VitalVideos-WW,e7f8dbea07f5453f99fd01a775a60b9e,vitalvideos_phase3_rc_none.h5,e7f8dbea07f5453f99fd01a775a60b9e,True,train
VitalVideos-WW,e7fe69e71a8949ca8590b684497973a2,vitalvideos_phase3_rc_none.h5,e7fe69e71a8949ca8590b684497973a2,True,train
VitalVideos-WW,e80ff67d87ab43d1ab3c621f12311b41,vitalvideos_phase3_rc_none.h5,e80ff67d87ab43d1ab3c621f12311b41,True,train
VitalVideos-WW,e84982423fa14460bef64f85f2cbbaeb,vitalvideos_phase3_rc_none.h5,e84982423fa14460bef64f85f2cbbaeb,True,val
VitalVideos-WW,e854da7c4fd64fc9a5d2474ef69d860a,vitalvideos_phase3_rc_none.h5,e854da7c4fd64fc9a5d2474ef69d860a,True,val
VitalVideos-WW,e88aff40a1f848778111977ef405b356,vitalvideos_phase3_rc_none.h5,e88aff40a1f848778111977ef405b356,True,train
VitalVideos-WW,e8e7da282e2c461f80cca9c7491e21f2,vitalvideos_phase3_rc_none.h5,e8e7da282e2c461f80cca9c7491e21f2,True,val
VitalVideos-WW,e9f6bbee86b74829aca704dbc67f7bb0,vitalvideos_phase3_rc_none.h5,e9f6bbee86b74829aca704dbc67f7bb0,True,train
VitalVideos-WW,eac1584c55384a33909e1d83ef66612a,vitalvideos_phase3_rc_none.h5,eac1584c55384a33909e1d83ef66612a,True,train
VitalVideos-WW,eb86c40382ef47e8a31304f8ae8cbd63,vitalvideos_phase3_rc_none.h5,eb86c40382ef47e8a31304f8ae8cbd63,True,train
VitalVideos-WW,ec58ee1867224d52b6ffbcbe00aa78bc,vitalvideos_phase3_rc_none.h5,ec58ee1867224d52b6ffbcbe00aa78bc,True,train
VitalVideos-WW,eca59d0c214c47db9e2d34bb1c541745,vitalvideos_phase3_rc_none.h5,eca59d0c214c47db9e2d34bb1c541745,True,train
VitalVideos-WW,ed5104cf472946cabfbd410c2e97b145,vitalvideos_phase3_rc_none.h5,ed5104cf472946cabfbd410c2e97b145,True,train
VitalVideos-WW,edaa8feed63742979c53f1b72ab65ec8,vitalvideos_phase3_rc_none.h5,edaa8feed63742979c53f1b72ab65ec8,True,train
VitalVideos-WW,edbe3c89667f452fb98effb3e58389df,vitalvideos_phase3_rc_none.h5,edbe3c89667f452fb98effb3e58389df,True,val
VitalVideos-WW,ef2273ec61e6474788ac01f0b7989dd8,vitalvideos_phase3_rc_none.h5,ef2273ec61e6474788ac01f0b7989dd8,True,train
VitalVideos-WW,ef441784762147cbadb0aafe96d0040e,vitalvideos_phase3_rc_none.h5,ef441784762147cbadb0aafe96d0040e,True,train
VitalVideos-WW,ef4fd663dc7d498fb2741edfc733f974,vitalvideos_phase3_rc_none.h5,ef4fd663dc7d498fb2741edfc733f974,True,train
VitalVideos-WW,efa2dce7b8c742de83ad24e40139b7c1,vitalvideos_phase3_rc_none.h5,efa2dce7b8c742de83ad24e40139b7c1,True,train
VitalVideos-WW,efce857aceb84571a59b981ea4e42da4,vitalvideos_phase3_rc_none.h5,efce857aceb84571a59b981ea4e42da4,True,train
VitalVideos-WW,efe09725161d428a9e6c935a65ddb896,vitalvideos_phase3_rc_none.h5,efe09725161d428a9e6c935a65ddb896,True,train
VitalVideos-WW,f015cd14d1e043a89b25526c61564ca8,vitalvideos_phase3_rc_none.h5,f015cd14d1e043a89b25526c61564ca8,True,val
VitalVideos-WW,f0a70a47cda6419eb8d485df5b8cc375,vitalvideos_phase3_rc_none.h5,f0a70a47cda6419eb8d485df5b8cc375,True,train
VitalVideos-WW,f1366ffc0a014f1a8bff93843656f000,vitalvideos_phase3_rc_none.h5,f1366ffc0a014f1a8bff93843656f000,True,train
VitalVideos-WW,f16c859914d744459336d4f47d72845c,vitalvideos_phase3_rc_none.h5,f16c859914d744459336d4f47d72845c,True,val
VitalVideos-WW,f19c276e76174debaed6ba3421dd8cd2,vitalvideos_phase3_rc_none.h5,f19c276e76174debaed6ba3421dd8cd2,True,train
VitalVideos-WW,f1ceb6108f274e59b4f1909c59cd4d4c,vitalvideos_phase3_rc_none.h5,f1ceb6108f274e59b4f1909c59cd4d4c,True,val
VitalVideos-WW,f206f68fabc34ffea15697ff26b601bd,vitalvideos_phase3_rc_none.h5,f206f68fabc34ffea15697ff26b601bd,True,train
VitalVideos-WW,f25a80300e8643fd9ca1b4316c86eed5,vitalvideos_phase3_rc_none.h5,f25a80300e8643fd9ca1b4316c86eed5,True,train
VitalVideos-WW,f25a9555f89643e8b6dd3a629e1a6951,vitalvideos_phase3_rc_none.h5,f25a9555f89643e8b6dd3a629e1a6951,True,train
VitalVideos-WW,f285f1185a43452b8ece6d8b1b69bae0,vitalvideos_phase3_rc_none.h5,f285f1185a43452b8ece6d8b1b69bae0,True,train
VitalVideos-WW,f290de1c282543e391edc68e358cea96,vitalvideos_phase3_rc_none.h5,f290de1c282543e391edc68e358cea96,True,train
VitalVideos-WW,f2984a1815854f80814759e72f8ab92c,vitalvideos_phase3_rc_none.h5,f2984a1815854f80814759e72f8ab92c,True,train
VitalVideos-WW,f2aaf50facb544398f18c8e8758d91a5,vitalvideos_phase3_rc_none.h5,f2aaf50facb544398f18c8e8758d91a5,True,train
VitalVideos-WW,f2be469311ce4a4087d82b6afa5cc340,vitalvideos_phase3_rc_none.h5,f2be469311ce4a4087d82b6afa5cc340,True,train
VitalVideos-WW,f2cd47e96c2a476c8b30ba5f452c5b1f,vitalvideos_phase3_rc_none.h5,f2cd47e96c2a476c8b30ba5f452c5b1f,True,train
VitalVideos-WW,f433c38dd40d4a7aa749ba8730062598,vitalvideos_phase3_rc_none.h5,f433c38dd40d4a7aa749ba8730062598,True,train
VitalVideos-WW,f47f2ff6fe9f475ab3330effaef1a135,vitalvideos_phase3_rc_none.h5,f47f2ff6fe9f475ab3330effaef1a135,True,train
VitalVideos-WW,f4db71c6118b4a948f8f2f2b74d51232,vitalvideos_phase3_rc_none.h5,f4db71c6118b4a948f8f2f2b74d51232,True,train
VitalVideos-WW,f5029a3238ae4978ab4d1ba3fec554f8,vitalvideos_phase3_rc_none.h5,f5029a3238ae4978ab4d1ba3fec554f8,True,train
VitalVideos-WW,f5c4b1cc051449e79de86adae85e8cf5,vitalvideos_phase3_rc_none.h5,f5c4b1cc051449e79de86adae85e8cf5,True,train
VitalVideos-WW,f63bbe4e0d9240bb99986adf34984000,vitalvideos_phase3_rc_none.h5,f63bbe4e0d9240bb99986adf34984000,True,train
VitalVideos-WW,f67d73281b114cc6a40674159021d82d,vitalvideos_phase3_rc_none.h5,f67d73281b114cc6a40674159021d82d,True,val
VitalVideos-WW,f689def9cdcb4ed994ba7f8712b39ef3,vitalvideos_phase3_rc_none.h5,f689def9cdcb4ed994ba7f8712b39ef3,True,train
VitalVideos-WW,f6bb6c96daa5475da62a052ff7fcdb38,vitalvideos_phase3_rc_none.h5,f6bb6c96daa5475da62a052ff7fcdb38,True,train
VitalVideos-WW,f79874d4bf9b419497f16bfeaba8f358,vitalvideos_phase3_rc_none.h5,f79874d4bf9b419497f16bfeaba8f358,True,train
VitalVideos-WW,f7b6af3dab1e451293d9cea38ff3bf2d,vitalvideos_phase3_rc_none.h5,f7b6af3dab1e451293d9cea38ff3bf2d,True,train
VitalVideos-WW,f7c90e6a1e97412aa2a1ca688bcf86b7,vitalvideos_phase3_rc_none.h5,f7c90e6a1e97412aa2a1ca688bcf86b7,True,train
VitalVideos-WW,f7d7387c987e48348f1ab94b04acf273,vitalvideos_phase3_rc_none.h5,f7d7387c987e48348f1ab94b04acf273,True,train
VitalVideos-WW,f839f96338084033bed42590717ca9ac,vitalvideos_phase3_rc_none.h5,f839f96338084033bed42590717ca9ac,True,train
VitalVideos-WW,f979c29608a44b5ea536d29016ea6709,vitalvideos_phase3_rc_none.h5,f979c29608a44b5ea536d29016ea6709,True,train
VitalVideos-WW,fa386ad0292b480aac6e0e05c6d36cf3,vitalvideos_phase3_rc_none.h5,fa386ad0292b480aac6e0e05c6d36cf3,True,train
VitalVideos-WW,fa5b0e5da078454aac05c7e7537292d9,vitalvideos_phase3_rc_none.h5,fa5b0e5da078454aac05c7e7537292d9,True,train
VitalVideos-WW,faa3534a17a94a268b5f36965652a8a0,vitalvideos_phase3_rc_none.h5,faa3534a17a94a268b5f36965652a8a0,True,train
VitalVideos-WW,fad392b041eb45f7b10d2a6ccf038194,vitalvideos_phase3_rc_none.h5,fad392b041eb45f7b10d2a6ccf038194,True,train
VitalVideos-WW,fb11ce5d6cb943b7ba06f29bc7adb304,vitalvideos_phase3_rc_none.h5,fb11ce5d6cb943b7ba06f29bc7adb304,True,train
VitalVideos-WW,fe7142f1ce1840acb569f8b152ec1eee,vitalvideos_phase3_rc_none.h5,fe7142f1ce1840acb569f8b152ec1eee,True,train
